run_id,condition,mse,routing_separation,genome
cnear_s0_i0.001_pABABAB_ppc2,near,0.3757298528216779,1.0,000000111111
cnear_s0_i0.001_pABABAB_ppc2,near,0.36798822156957944,0.6666666567325592,011000111111
cnear_s0_i0.001_pABABAB_ppc2,near,0.33237998497497756,0.666666641831398,001000111011
cnear_s0_i0.001_pABABAB_ppc2,near,0.3125052098396488,0.5,111000111111
cnear_s0_i0.001_pABABAB_ppc2,near,0.3021944906596962,0.16666662693023682,110011101111
cnear_s0_i0.001_pABABAB_ppc2,near,0.37676555930044164,1.0,000000111111
cnear_s0_i0.001_pABABAB_ppc2,near,0.37027081429534353,0.6666666567325592,011000111111
cnear_s0_i0.001_pABABAB_ppc2,near,0.3342169721594969,0.666666641831398,001000111011
cnear_s0_i0.001_pABABAB_ppc2,near,0.31351280551065097,0.5,111000111111
cnear_s0_i0.001_pABABAB_ppc2,near,0.3060771138618954,0.0,110011011011
cnear_s0_i0.001_pABABAB_ppc2,near,0.3772522658321329,1.0,000000111111
cnear_s0_i0.001_pABABAB_ppc2,near,0.37044181614394556,0.6666666567325592,011000111111
cnear_s0_i0.001_pABABAB_ppc2,near,0.3345849194341678,0.666666641831398,001000111011
cnear_s0_i0.001_pABABAB_ppc2,near,0.3136132662634323,0.5,111000111111
cnear_s0_i0.001_pABABAB_ppc2,near,0.30648567040704866,0.0,110011011011
cnear_s0_i0.001_pABABAB_ppc2,near,0.37785084219649434,1.0,000000111111
cnear_s0_i0.001_pABABAB_ppc2,near,0.370472857855599,0.6666666567325592,011000111111
cnear_s0_i0.001_pABABAB_ppc2,near,0.33552304466403177,0.666666641831398,001000111011
cnear_s0_i0.001_pABABAB_ppc2,near,0.3136696126775033,0.5,111000111111
cnear_s0_i0.001_pABABAB_ppc2,near,0.30665260983038356,0.0,110011011011
cnear_s0_i0.001_pABABAB_ppc2,near,0.37808395096693526,1.0,000000111111
cnear_s0_i0.001_pABABAB_ppc2,near,0.3780527993645096,0.8333333134651184,000000101111
cnear_s0_i0.001_pABABAB_ppc2,near,0.37082860617771407,0.6666666567325592,011000111111
cnear_s0_i0.001_pABABAB_ppc2,near,0.3366004467560825,0.666666641831398,001000111011
cnear_s0_i0.001_pABABAB_ppc2,near,0.31400975066406484,0.5,111000111111
cnear_s0_i0.001_pABABAB_ppc2,near,0.31377487075091764,0.3333333134651184,110111011010
cnear_s0_i0.001_pABABAB_ppc2,near,0.3078183707124977,0.0,110011011011
cnear_s0_i0.001_pABABAB_ppc2,near,0.37809078670530155,1.0,000000111111
cnear_s0_i0.001_pABABAB_ppc2,near,0.3714976351594404,0.6666666567325592,011000111111
cnear_s0_i0.001_pABABAB_ppc2,near,0.336799511719288,0.666666641831398,001000111011
cnear_s0_i0.001_pABABAB_ppc2,near,0.3143671145159963,0.5,111000111111
cnear_s0_i0.001_pABABAB_ppc2,near,0.3081159127600999,0.0,111001100111
cnear_s0_i0.001_pABABAB_ppc2,near,0.3783453781454062,1.0,000000111111
cnear_s0_i0.001_pABABAB_ppc2,near,0.37169550838668575,0.6666666567325592,011000111111
cnear_s0_i0.001_pABABAB_ppc2,near,0.3372365554982521,0.666666641831398,001000111011
cnear_s0_i0.001_pABABAB_ppc2,near,0.31480512700297614,0.5,111000111111
cnear_s0_i0.001_pABABAB_ppc2,near,0.308926227373542,0.0,111001100111
cnear_s0_i0.001_pABABAB_ppc2,near,0.37849520646374335,1.0,000000111111
cnear_s0_i0.001_pABABAB_ppc2,near,0.3721971792507578,0.6666666567325592,011000111111
cnear_s0_i0.001_pABABAB_ppc2,near,0.33764194789281726,0.666666641831398,001000111011
cnear_s0_i0.001_pABABAB_ppc2,near,0.31520225795115536,0.5,111000111111
cnear_s0_i0.001_pABABAB_ppc2,near,0.30923344162742566,0.0,111001100111
cnear_s0_i0.001_pABABAB_ppc2,near,0.37852658123963256,1.0,000000111111
cnear_s0_i0.001_pABABAB_ppc2,near,0.31003392244350503,0.0,111001100111
cnear_s0_i0.001_pABABAB_ppc3,near,0.5415703784029644,1.0,000000111111
cnear_s0_i0.001_pABABAB_ppc3,near,0.5277896537660406,0.8333333283662796,000010111111
cnear_s0_i0.001_pABABAB_ppc3,near,0.47876072541828485,0.8333333134651184,000000011111
cnear_s0_i0.001_pABABAB_ppc3,near,0.45065506861473503,0.666666641831398,000010101111
cnear_s0_i0.001_pABABAB_ppc3,near,0.4113182047381997,0.5000000149011612,000100001111
cnear_s0_i0.001_pABABAB_ppc3,near,0.39896024232013866,0.16666662693023682,111101011101
cnear_s0_i0.001_pABABAB_ppc3,near,0.5420683931416044,1.0,000000111111
cnear_s0_i0.001_pABABAB_ppc3,near,0.5287282729163193,0.8333333283662796,000010111111
cnear_s0_i0.001_pABABAB_ppc3,near,0.47964082373879274,0.8333333134651184,000000011111
cnear_s0_i0.001_pABABAB_ppc3,near,0.455949925015179,0.666666641831398,000010101111
cnear_s0_i0.001_pABABAB_ppc3,near,0.4138927265858421,0.5000000149011612,000100001111
cnear_s0_i0.001_pABABAB_ppc3,near,0.40149445899117453,0.16666662693023682,111101011101
cnear_s0_i0.001_pABABAB_ppc3,near,0.5440085543534503,1.0,000000111111
cnear_s0_i0.001_pABABAB_ppc3,near,0.5298015327192843,0.8333333283662796,000010111111
cnear_s0_i0.001_pABABAB_ppc3,near,0.47982448173973424,0.8333333134651184,000000011111
cnear_s0_i0.001_pABABAB_ppc3,near,0.4573610924435063,0.666666641831398,000010101111
cnear_s0_i0.001_pABABAB_ppc3,near,0.41635022275149824,0.5000000149011612,000100001111
cnear_s0_i0.001_pABABAB_ppc3,near,0.4023126281511325,0.16666662693023682,111101011101
cnear_s0_i0.001_pABABAB_ppc3,near,0.5440483446806096,1.0,000000111111
cnear_s0_i0.001_pABABAB_ppc3,near,0.5320364015893294,0.8333333283662796,000010111111
cnear_s0_i0.001_pABABAB_ppc3,near,0.480485796287226,0.8333333134651184,000000011111
cnear_s0_i0.001_pABABAB_ppc3,near,0.4576344645152298,0.666666641831398,000010101111
cnear_s0_i0.001_pABABAB_ppc3,near,0.416845210426702,0.5000000149011612,000100001111
cnear_s0_i0.001_pABABAB_ppc3,near,0.4026095295038361,0.16666662693023682,111101011101
cnear_s0_i0.001_pABABAB_ppc3,near,0.5441951756867078,1.0,000000111111
cnear_s0_i0.001_pABABAB_ppc3,near,0.5326897705332018,0.8333333283662796,000010111111
cnear_s0_i0.001_pABABAB_ppc3,near,0.48194216745010077,0.8333333134651184,000000011111
cnear_s0_i0.001_pABABAB_ppc3,near,0.457691181372278,0.666666641831398,000010101111
cnear_s0_i0.001_pABABAB_ppc3,near,0.41803713314808333,0.5000000149011612,000100001111
cnear_s0_i0.001_pABABAB_ppc3,near,0.4032810361912617,0.16666662693023682,111101011101
cnear_s0_i0.001_pABABAB_ppc3,near,0.5444737259800044,1.0,000000111111
cnear_s0_i0.001_pABABAB_ppc3,near,0.5335035478839507,0.8333333283662796,000010111111
cnear_s0_i0.001_pABABAB_ppc3,near,0.48233580517475133,0.8333333134651184,000000011111
cnear_s0_i0.001_pABABAB_ppc3,near,0.4610928645930611,0.666666641831398,000010101111
cnear_s0_i0.001_pABABAB_ppc3,near,0.41893969378792323,0.5000000149011612,000100001111
cnear_s0_i0.001_pABABAB_ppc3,near,0.4042593249334739,0.16666662693023682,111101011101
cnear_s0_i0.001_pABABAB_ppc3,near,0.5455145322216245,1.0,000000111111
cnear_s0_i0.001_pABABAB_ppc3,near,0.5349062335175964,0.8333333283662796,000010111111
cnear_s0_i0.001_pABABAB_ppc3,near,0.48266305020079014,0.8333333134651184,000000011111
cnear_s0_i0.001_pABABAB_ppc3,near,0.46166375088147243,0.666666641831398,000010101111
cnear_s0_i0.001_pABABAB_ppc3,near,0.418949967644249,0.5000000149011612,000100001111
cnear_s0_i0.001_pABABAB_ppc3,near,0.4057696043012234,0.16666662693023682,111101011101
cnear_s0_i0.001_pABABAB_ppc3,near,0.545675462226455,1.0,000000111111
cnear_s0_i0.001_pABABAB_ppc3,near,0.40578939671126696,0.16666662693023682,111101011101
cnear_s0_i0.001_pABABABAB_ppc2,near,0.46093552129680354,1.0,000000111111
cnear_s0_i0.001_pABABABAB_ppc2,near,0.42680919872785533,0.8333333283662796,010000111111
cnear_s0_i0.001_pABABABAB_ppc2,near,0.3933392625627236,0.8333333134651184,000000111110
cnear_s0_i0.001_pABABABAB_ppc2,near,0.3824371026180572,0.6666666865348816,000000111100
cnear_s0_i0.001_pABABABAB_ppc2,near,0.38134267151050655,0.666666641831398,000100101111
cnear_s0_i0.001_pABABABAB_ppc2,near,0.32801958029800704,0.5000000149011612,000100101110
cnear_s0_i0.001_pABABABAB_ppc2,near,0.3259894805157493,0.0,110010101001
cnear_s0_i0.001_pABABABAB_ppc2,near,0.46128390174648115,1.0,000000111111
cnear_s0_i0.001_pABABABAB_ppc2,near,0.4280056014826626,0.8333333283662796,010000111111
cnear_s0_i0.001_pABABABAB_ppc2,near,0.39542967704644605,0.8333333134651184,000000111110
cnear_s0_i0.001_pABABABAB_ppc2,near,0.38698680315102485,0.6666666865348816,000000111100
cnear_s0_i0.001_pABABABAB_ppc2,near,0.38280823561543564,0.666666641831398,000100101111
cnear_s0_i0.001_pABABABAB_ppc2,near,0.332478163423667,0.5000000149011612,000100101110
cnear_s0_i0.001_pABABABAB_ppc2,near,0.33131941256980446,0.1666666865348816,011100111001
cnear_s0_i0.001_pABABABAB_ppc2,near,0.32731721803931324,0.0,110010101001
cnear_s0_i0.001_pABABABAB_ppc2,near,0.4612933962108118,1.0,000000111111
cnear_s0_i0.001_pABABABAB_ppc2,near,0.4287163420052946,0.8333333283662796,010000111111
cnear_s0_i0.001_pABABABAB_ppc2,near,0.3972216371099609,0.8333333134651184,000000111110
cnear_s0_i0.001_pABABABAB_ppc2,near,0.3878564208601441,0.6666666865348816,000000111100
cnear_s0_i0.001_pABABABAB_ppc2,near,0.3837524430167958,0.666666641831398,000100101111
cnear_s0_i0.001_pABABABAB_ppc2,near,0.3331298942066496,0.5000000149011612,000100101110
cnear_s0_i0.001_pABABABAB_ppc2,near,0.3281318548994524,0.0,110010101001
cnear_s0_i0.001_pABABABAB_ppc2,near,0.46256708263034196,1.0,000000111111
cnear_s0_i0.001_pABABABAB_ppc2,near,0.4290319569689896,0.8333333283662796,010000111111
cnear_s0_i0.001_pABABABAB_ppc2,near,0.39824459410336766,0.8333333134651184,000000111110
cnear_s0_i0.001_pABABABAB_ppc2,near,0.3897055040137714,0.6666666865348816,000000111100
cnear_s0_i0.001_pABABABAB_ppc2,near,0.38481968727187604,0.666666641831398,000100101111
cnear_s0_i0.001_pABABABAB_ppc2,near,0.36145210519818394,0.5000000149011612,000100110011
cnear_s0_i0.001_pABABABAB_ppc2,near,0.3476581301395621,0.3333333432674408,100001110110
cnear_s0_i0.001_pABABABAB_ppc2,near,0.3367745704820444,0.1666666865348816,011100111001
cnear_s0_i0.001_pABABABAB_ppc2,near,0.3297903732083545,0.0,110010101001
cnear_s0_i0.001_pABABABAB_ppc2,near,0.4640749873159903,1.0,000000111111
cnear_s0_i0.001_pABABABAB_ppc2,near,0.4290508800828508,0.8333333283662796,010000111111
cnear_s0_i0.001_pABABABAB_ppc2,near,0.4249764800890638,0.8333333134651184,000000111101
cnear_s0_i0.001_pABABABAB_ppc2,near,0.3908455884987328,0.6666666865348816,000000111100
cnear_s0_i0.001_pABABABAB_ppc2,near,0.3855212643413387,0.666666641831398,000100101111
cnear_s0_i0.001_pABABABAB_ppc2,near,0.36206014968599354,0.5000000149011612,000100011011
cnear_s0_i0.001_pABABABAB_ppc2,near,0.35164165948838766,0.3333333432674408,100001110110
cnear_s0_i0.001_pABABABAB_ppc2,near,0.3300245817277002,0.0,110010101001
cnear_s0_i0.001_pABABABAB_ppc2,near,0.4642775194791692,1.0,000000111111
cnear_s0_i0.001_pABABABAB_ppc2,near,0.3528730929287247,0.1666666865348816,011010001111
cnear_s0_i0.001_pABABABAB_ppc2,near,0.36422627069184493,0.5000000149011612,000100011011
cnear_s0_i0.001_pABABABAB_ppc2,near,0.3919885128913126,0.6666666865348816,000000110011
cnear_s0_i0.001_pABABABAB_ppc2,near,0.4299618061230486,0.8333333134651184,000000111101
cnear_s0_i0.001_pABABABAB_ppc3,near,0.534832660536999,1.0,000000111111
cnear_s0_i0.001_pABABABAB_ppc3,near,0.5256431638851933,0.8333333283662796,000001111111
cnear_s0_i0.001_pABABABAB_ppc3,near,0.5146089055516554,0.6666666865348816,000000110011
cnear_s0_i0.001_pABABABAB_ppc3,near,0.4867907089191949,0.6666666567325592,000101111111
cnear_s0_i0.001_pABABABAB_ppc3,near,0.4678985110601817,0.5,011001111111
cnear_s0_i0.001_pABABABAB_ppc3,near,0.43398464882168275,0.3333333432674408,000101010111
cnear_s0_i0.001_pABABABAB_ppc3,near,0.4209206170862776,0.3333333134651184,001101111110
cnear_s0_i0.001_pABABABAB_ppc3,near,0.5353859587219255,1.0,000000111111
cnear_s0_i0.001_pABABABAB_ppc3,near,0.5271188727226751,0.8333333283662796,000001111111
cnear_s0_i0.001_pABABABAB_ppc3,near,0.5157599849733471,0.6666666865348816,000000110011
cnear_s0_i0.001_pABABABAB_ppc3,near,0.48782270172632286,0.6666666567325592,000101111111
cnear_s0_i0.001_pABABABAB_ppc3,near,0.4727905588759773,0.5,011001111111
cnear_s0_i0.001_pABABABAB_ppc3,near,0.43440863875479535,0.3333333432674408,000101010111
cnear_s0_i0.001_pABABABAB_ppc3,near,0.4213995257306887,0.3333333134651184,001101111110
cnear_s0_i0.001_pABABABAB_ppc3,near,0.535690903834913,1.0,000000111111
cnear_s0_i0.001_pABABABAB_ppc3,near,0.5281238463846432,0.8333333283662796,000001111111
cnear_s0_i0.001_pABABABAB_ppc3,near,0.5166970754655121,0.6666666865348816,000000110011
cnear_s0_i0.001_pABABABAB_ppc3,near,0.48817366393732614,0.6666666567325592,000101111111
cnear_s0_i0.001_pABABABAB_ppc3,near,0.47287911390778664,0.5,011001111111
cnear_s0_i0.001_pABABABAB_ppc3,near,0.4355298462698514,0.3333333432674408,000101010111
cnear_s0_i0.001_pABABABAB_ppc3,near,0.42145072039345216,0.3333333134651184,001101111110
cnear_s0_i0.001_pABABABAB_ppc3,near,0.536566179802363,1.0,000000111111
cnear_s0_i0.001_pABABABAB_ppc3,near,0.5282559399546563,0.8333333283662796,000001111111
cnear_s0_i0.001_pABABABAB_ppc3,near,0.5168200571373661,0.6666666865348816,000000110011
cnear_s0_i0.001_pABABABAB_ppc3,near,0.4888620862908576,0.6666666567325592,000101111111
cnear_s0_i0.001_pABABABAB_ppc3,near,0.47306372060429774,0.5,011001111111
cnear_s0_i0.001_pABABABAB_ppc3,near,0.4359681855929994,0.3333333432674408,000101010111
cnear_s0_i0.001_pABABABAB_ppc3,near,0.42165819829565354,0.3333333134651184,001101111110
cnear_s0_i0.001_pABABABAB_ppc3,near,0.5366730109799183,1.0,000000111111
cnear_s0_i0.001_pABABABAB_ppc3,near,0.5289085333117809,0.8333333283662796,000001111111
cnear_s0_i0.001_pABABABAB_ppc3,near,0.5171732723381071,0.6666666865348816,000000110011
cnear_s0_i0.001_pABABABAB_ppc3,near,0.4891571109878948,0.6666666567325592,000101111111
cnear_s0_i0.001_pABABABAB_ppc3,near,0.47453796450348423,0.5,011001111111
cnear_s0_i0.001_pABABABAB_ppc3,near,0.43607045269046707,0.3333333432674408,000101010111
cnear_s0_i0.001_pABABABAB_ppc3,near,0.4226148608435031,0.3333333134651184,001101111110
cnear_s0_i0.001_pABABABAB_ppc3,near,0.5369324511580769,1.0,000000111111
cnear_s0_i0.001_pABABABAB_ppc3,near,0.5289244870601715,0.8333333283662796,000001111111
cnear_s0_i0.001_pABABABAB_ppc3,near,0.5177653378495229,0.6666666865348816,000000110011
cnear_s0_i0.001_pABABABAB_ppc3,near,0.4898784755054733,0.6666666567325592,000101111111
cnear_s0_i0.001_pABABABAB_ppc3,near,0.47458753394412584,0.5,011001111111
cnear_s0_i0.001_pABABABAB_ppc3,near,0.43699940854961844,0.3333333432674408,000101010111
cnear_s0_i0.001_pABABABAB_ppc3,near,0.4227037066593766,0.3333333134651184,001101111110
cnear_s0_i0.001_pABABABAB_ppc3,near,0.536952603522731,1.0,000000111111
cnear_s0_i0.001_pABABABAB_ppc3,near,0.4227559870729844,0.3333333134651184,001101111110
cnear_s0_i2.0_pABABAB_ppc2,near,0.3839081458916718,1.0,111111000000
cnear_s0_i2.0_pABABAB_ppc2,near,0.3611190164863894,0.8333333283662796,111111010000
cnear_s0_i2.0_pABABAB_ppc2,near,0.3470853784846523,0.6666666865348816,011101000000
cnear_s0_i2.0_pABABAB_ppc2,near,0.3152067190637602,0.6666666567325592,111111001100
cnear_s0_i2.0_pABABAB_ppc2,near,0.3049569315467538,0.5000000149011612,001111000001
cnear_s0_i2.0_pABABAB_ppc2,near,0.29554283615752036,0.0,110101111010
cnear_s0_i2.0_pABABAB_ppc2,near,0.38931824084879324,1.0,111111000000
cnear_s0_i2.0_pABABAB_ppc2,near,0.36254036133389245,0.8333333283662796,111111010000
cnear_s0_i2.0_pABABAB_ppc2,near,0.36194394348951225,0.8333333134651184,111110000000
cnear_s0_i2.0_pABABAB_ppc2,near,0.35646016730672936,0.6666666865348816,011101000000
cnear_s0_i2.0_pABABAB_ppc2,near,0.3208148150429638,0.6666666567325592,111111001100
cnear_s0_i2.0_pABABAB_ppc2,near,0.3080340826748976,0.5000000149011612,001111000001
cnear_s0_i2.0_pABABAB_ppc2,near,0.29715713555924594,0.0,110101111010
cnear_s0_i2.0_pABABAB_ppc2,near,0.39124711687591945,1.0,111111000000
cnear_s0_i2.0_pABABAB_ppc2,near,0.36319359218363056,0.8333333283662796,111111010000
cnear_s0_i2.0_pABABAB_ppc2,near,0.32240972436689347,0.6666666567325592,111111001100
cnear_s0_i2.0_pABABAB_ppc2,near,0.3090403522206047,0.5000000149011612,001111000001
cnear_s0_i2.0_pABABAB_ppc2,near,0.2982939455786519,0.0,110101111010
cnear_s0_i2.0_pABABAB_ppc2,near,0.3928379410856657,1.0,111111000000
cnear_s0_i2.0_pABABAB_ppc2,near,0.3644198465415023,0.8333333283662796,111111010000
cnear_s0_i2.0_pABABAB_ppc2,near,0.32322515871121804,0.6666666567325592,111111001100
cnear_s0_i2.0_pABABAB_ppc2,near,0.3108945589893582,0.5000000149011612,001111000001
cnear_s0_i2.0_pABABAB_ppc2,near,0.29963681985761714,0.0,110101111010
cnear_s0_i2.0_pABABAB_ppc2,near,0.394980356531133,1.0,111111000000
cnear_s0_i2.0_pABABAB_ppc2,near,0.3661977378228171,0.8333333283662796,111111010000
cnear_s0_i2.0_pABABAB_ppc2,near,0.32721165840683336,0.6666666567325592,111111001100
cnear_s0_i2.0_pABABAB_ppc2,near,0.31118650473548437,0.5000000149011612,001111000001
cnear_s0_i2.0_pABABAB_ppc2,near,0.3008059754396196,0.0,110101111010
cnear_s0_i2.0_pABABAB_ppc2,near,0.3957533842714673,1.0,111111000000
cnear_s0_i2.0_pABABAB_ppc2,near,0.3662347997411747,0.8333333283662796,111111010000
cnear_s0_i2.0_pABABAB_ppc2,near,0.32779733057461935,0.6666666567325592,111111001100
cnear_s0_i2.0_pABABAB_ppc2,near,0.3134929818334058,0.5000000149011612,001111000001
cnear_s0_i2.0_pABABAB_ppc2,near,0.3116568692335436,0.5,111111011100
cnear_s0_i2.0_pABABAB_ppc2,near,0.3032436661477815,0.0,110101111010
cnear_s0_i2.0_pABABAB_ppc2,near,0.3964689073195173,1.0,111111000000
cnear_s0_i2.0_pABABAB_ppc2,near,0.37442900497593323,0.8333333283662796,111111010000
cnear_s0_i2.0_pABABAB_ppc2,near,0.3699720187128564,0.8333333134651184,111110000000
cnear_s0_i2.0_pABABAB_ppc2,near,0.3287998852902092,0.6666666567325592,111111001100
cnear_s0_i2.0_pABABAB_ppc2,near,0.3148599177895283,0.5000000149011612,001111000001
cnear_s0_i2.0_pABABAB_ppc2,near,0.3118699413237416,0.5,111111011100
cnear_s0_i2.0_pABABAB_ppc2,near,0.30383775129236956,0.0,110101111010
cnear_s0_i2.0_pABABAB_ppc2,near,0.3972187776076184,1.0,111111000000
cnear_s0_i2.0_pABABAB_ppc2,near,0.3047161277420607,0.0,110101111010
cnear_s0_i2.0_pABABAB_ppc2,near,0.3755511328027668,0.8333333283662796,111111010000
cnear_s0_i2.0_pABABAB_ppc3,near,0.5308890040910158,1.0,000000111111
cnear_s0_i2.0_pABABAB_ppc3,near,0.4927105450931077,0.8333333283662796,100000111111
cnear_s0_i2.0_pABABAB_ppc3,near,0.4557926608679386,0.8333333134651184,000000011111
cnear_s0_i2.0_pABABAB_ppc3,near,0.4450081070455221,0.6666666567325592,010100111111
cnear_s0_i2.0_pABABAB_ppc3,near,0.4169068589233435,0.5000000149011612,000100001111
cnear_s0_i2.0_pABABAB_ppc3,near,0.5345603505292764,1.0,000000111111
cnear_s0_i2.0_pABABAB_ppc3,near,0.494250547957535,0.8333333283662796,100000111111
cnear_s0_i2.0_pABABAB_ppc3,near,0.46767327163655026,0.8333333134651184,000000011111
cnear_s0_i2.0_pABABAB_ppc3,near,0.4455611557341539,0.6666666567325592,010100111111
cnear_s0_i2.0_pABABAB_ppc3,near,0.4176644523878797,0.5000000149011612,000100001111
cnear_s0_i2.0_pABABAB_ppc3,near,0.5366216570712052,1.0,000000111111
cnear_s0_i2.0_pABABAB_ppc3,near,0.49889410392452893,0.8333333283662796,100000111111
cnear_s0_i2.0_pABABAB_ppc3,near,0.4692341736876048,0.8333333134651184,000000011111
cnear_s0_i2.0_pABABAB_ppc3,near,0.46910733465964977,0.6666666865348816,000000111001
cnear_s0_i2.0_pABABAB_ppc3,near,0.4486110773653938,0.6666666567325592,010100111111
cnear_s0_i2.0_pABABAB_ppc3,near,0.41782504165043627,0.5000000149011612,000100001111
cnear_s0_i2.0_pABABAB_ppc3,near,0.538723961271059,1.0,000000111111
cnear_s0_i2.0_pABABAB_ppc3,near,0.5052846097817215,0.8333333283662796,100000111111
cnear_s0_i2.0_pABABAB_ppc3,near,0.4706586921730867,0.8333333134651184,000000011111
cnear_s0_i2.0_pABABAB_ppc3,near,0.45015549946289796,0.6666666567325592,010100111111
cnear_s0_i2.0_pABABAB_ppc3,near,0.41895665380960473,0.5000000149011612,000100001111
cnear_s0_i2.0_pABABAB_ppc3,near,0.5427493474014157,1.0,000000111111
cnear_s0_i2.0_pABABAB_ppc3,near,0.5066846892524224,0.8333333283662796,100000111111
cnear_s0_i2.0_pABABAB_ppc3,near,0.472651335124213,0.8333333134651184,000000011111
cnear_s0_i2.0_pABABAB_ppc3,near,0.4546847980182904,0.6666666567325592,010100111111
cnear_s0_i2.0_pABABAB_ppc3,near,0.4214925075719993,0.5000000149011612,000100001111
cnear_s0_i2.0_pABABAB_ppc3,near,0.5445047761671818,1.0,000000111111
cnear_s0_i2.0_pABABAB_ppc3,near,0.509829159381871,0.8333333283662796,100000111111
cnear_s0_i2.0_pABABAB_ppc3,near,0.47656938407856686,0.8333333134651184,000000011111
cnear_s0_i2.0_pABABAB_ppc3,near,0.47527697298389215,0.6666666865348816,000000111001
cnear_s0_i2.0_pABABAB_ppc3,near,0.45582436248660085,0.6666666567325592,010100111111
cnear_s0_i2.0_pABABAB_ppc3,near,0.42383035544189623,0.5000000149011612,000100001111
cnear_s0_i2.0_pABABAB_ppc3,near,0.4227025591678774,0.0,011001101001
cnear_s0_i2.0_pABABAB_ppc3,near,0.5456634732688634,1.0,000000111111
cnear_s0_i2.0_pABABAB_ppc3,near,0.5102899724044478,0.8333333283662796,100000111111
cnear_s0_i2.0_pABABAB_ppc3,near,0.4773314179566044,0.8333333134651184,000000011111
cnear_s0_i2.0_pABABAB_ppc3,near,0.4577679995733958,0.6666666567325592,010100111111
cnear_s0_i2.0_pABABAB_ppc3,near,0.45711929242198285,0.666666641831398,001000011111
cnear_s0_i2.0_pABABAB_ppc3,near,0.4244684334987631,0.5000000149011612,000100001111
cnear_s0_i2.0_pABABAB_ppc3,near,0.42352500828699424,0.0,011001101001
cnear_s0_i2.0_pABABAB_ppc3,near,0.545946132327215,1.0,000000111111
cnear_s0_i2.0_pABABAB_ppc3,near,0.42454045061022044,0.3333333432674408,100100001111
cnear_s0_i2.0_pABABAB_ppc3,near,0.42509025307730414,0.5000000149011612,000100001111
cnear_s0_i2.0_pABABAB_ppc3,near,0.5105814638117758,0.8333333283662796,100000111111
cnear_s0_i2.0_pABABABAB_ppc2,near,0.46913639856111017,1.0,000000111111
cnear_s0_i2.0_pABABABAB_ppc2,near,0.3739489029996611,0.8333333283662796,111111010000
cnear_s0_i2.0_pABABABAB_ppc2,near,0.36046200108579923,0.5000000149011612,111100001000
cnear_s0_i2.0_pABABABAB_ppc2,near,0.3095612198491741,0.4999999701976776,011111101000
cnear_s0_i2.0_pABABABAB_ppc2,near,0.5035264106900913,1.0,111111000000
cnear_s0_i2.0_pABABABAB_ppc2,near,0.3878855675755968,0.8333333283662796,111111010000
cnear_s0_i2.0_pABABABAB_ppc2,near,0.36063995009994715,0.5000000149011612,111100001000
cnear_s0_i2.0_pABABABAB_ppc2,near,0.31602983450484945,0.4999999701976776,011111101000
cnear_s0_i2.0_pABABABAB_ppc2,near,0.5039379360693194,1.0,111111000000
cnear_s0_i2.0_pABABABAB_ppc2,near,0.3903668036379305,0.8333333283662796,111111010000
cnear_s0_i2.0_pABABABAB_ppc2,near,0.36123729424785966,0.5000000149011612,111100001000
cnear_s0_i2.0_pABABABAB_ppc2,near,0.31658113827318723,0.4999999701976776,011111101000
cnear_s0_i2.0_pABABABAB_ppc2,near,0.5039904109733722,1.0,111111000000
cnear_s0_i2.0_pABABABAB_ppc2,near,0.3907084245925191,0.8333333283662796,111111010000
cnear_s0_i2.0_pABABABAB_ppc2,near,0.36632815240240046,0.5000000149011612,111100001000
cnear_s0_i2.0_pABABABAB_ppc2,near,0.31894747311739124,0.4999999701976776,011111101000
cnear_s0_i2.0_pABABABAB_ppc2,near,0.5064235477495521,1.0,111111000000
cnear_s0_i2.0_pABABABAB_ppc2,near,0.3923656452639863,0.8333333283662796,111111010000
cnear_s0_i2.0_pABABABAB_ppc2,near,0.3686435859818975,0.5000000149011612,111100001000
cnear_s0_i2.0_pABABABAB_ppc2,near,0.31922117040436393,0.4999999701976776,011111101000
cnear_s0_i2.0_pABABABAB_ppc2,near,0.5074024348005909,1.0,111111000000
cnear_s0_i2.0_pABABABAB_ppc2,near,0.3932971318838476,0.8333333283662796,111111010000
cnear_s0_i2.0_pABABABAB_ppc2,near,0.37111416636516564,0.5000000149011612,111100001000
cnear_s0_i2.0_pABABABAB_ppc2,near,0.32224639342166483,0.4999999701976776,011111101000
cnear_s0_i2.0_pABABABAB_ppc2,near,0.5075915460193786,1.0,111111000000
cnear_s0_i2.0_pABABABAB_ppc2,near,0.3933974350080022,0.8333333283662796,111111010000
cnear_s0_i2.0_pABABABAB_ppc2,near,0.37273743503791246,0.5000000149011612,111100001000
cnear_s0_i2.0_pABABABAB_ppc2,near,0.3234310796191306,0.4999999701976776,011111101000
cnear_s0_i2.0_pABABABAB_ppc2,near,0.5083491775359765,1.0,111111000000
cnear_s0_i2.0_pABABABAB_ppc2,near,0.3934695548598719,0.8333333283662796,111111010000
cnear_s0_i2.0_pABABABAB_ppc2,near,0.3735944302391325,0.5000000149011612,111100001000
cnear_s0_i2.0_pABABABAB_ppc2,near,0.32463916961970773,0.4999999701976776,011111101000
cnear_s0_i2.0_pABABABAB_ppc2,near,0.5099921138387109,1.0,111111000000
cnear_s0_i2.0_pABABABAB_ppc2,near,0.39422912068327826,0.8333333283662796,111111010000
cnear_s0_i2.0_pABABABAB_ppc2,near,0.3743520563072926,0.5000000149011612,111100001000
cnear_s0_i2.0_pABABABAB_ppc2,near,0.32520832678158607,0.4999999701976776,011111101000
cnear_s0_i2.0_pABABABAB_ppc2,near,0.5129298485638895,1.0,111111000000
cnear_s0_i2.0_pABABABAB_ppc2,near,0.3944027270832709,0.8333333283662796,111111010000
cnear_s0_i2.0_pABABABAB_ppc2,near,0.3750995493239065,0.5000000149011612,111100001000
cnear_s0_i2.0_pABABABAB_ppc2,near,0.3258516305640083,0.4999999701976776,011111101000
cnear_s0_i2.0_pABABABAB_ppc2,near,0.5132987992617237,1.0,111111000000
cnear_s0_i2.0_pABABABAB_ppc2,near,0.3960239326195984,0.8333333283662796,111111010000
cnear_s0_i2.0_pABABABAB_ppc2,near,0.37646312467254106,0.5000000149011612,111100001000
cnear_s0_i2.0_pABABABAB_ppc2,near,0.32605879067379084,0.4999999701976776,011111101000
cnear_s0_i2.0_pABABABAB_ppc3,near,0.4940312785021533,1.0,000000111111
cnear_s0_i2.0_pABABABAB_ppc3,near,0.4920423244736318,0.6666666865348816,000000110011
cnear_s0_i2.0_pABABABAB_ppc3,near,0.447014645716154,0.6666666567325592,101000111111
cnear_s0_i2.0_pABABABAB_ppc3,near,0.4394066989710876,0.3333333432674408,000011110101
cnear_s0_i2.0_pABABABAB_ppc3,near,0.4245313558427767,0.1666666567325592,000101110001
cnear_s0_i2.0_pABABABAB_ppc3,near,0.4116753368028279,0.16666662693023682,100111111011
cnear_s0_i2.0_pABABABAB_ppc3,near,0.5153421132943068,1.0,000000111111
cnear_s0_i2.0_pABABABAB_ppc3,near,0.5104732592857775,0.8333333283662796,000001111111
cnear_s0_i2.0_pABABABAB_ppc3,near,0.5018027435303077,0.6666666865348816,000000111001
cnear_s0_i2.0_pABABABAB_ppc3,near,0.4517204961793005,0.6666666567325592,101000111111
cnear_s0_i2.0_pABABABAB_ppc3,near,0.44744067317966757,0.5000000149011612,000001111100
cnear_s0_i2.0_pABABABAB_ppc3,near,0.44569007467863886,0.3333333432674408,000011110101
cnear_s0_i2.0_pABABABAB_ppc3,near,0.4277746322318569,0.1666666567325592,000101110001
cnear_s0_i2.0_pABABABAB_ppc3,near,0.41264811123924694,0.16666662693023682,100111111011
cnear_s0_i2.0_pABABABAB_ppc3,near,0.5156134392225836,1.0,000000111111
cnear_s0_i2.0_pABABABAB_ppc3,near,0.5133213988370156,0.8333333283662796,000001111111
cnear_s0_i2.0_pABABABAB_ppc3,near,0.5032431158858041,0.6666666865348816,000000111001
cnear_s0_i2.0_pABABABAB_ppc3,near,0.4522230509111936,0.6666666567325592,101000111111
cnear_s0_i2.0_pABABABAB_ppc3,near,0.4481339794208949,0.5000000149011612,000001111100
cnear_s0_i2.0_pABABABAB_ppc3,near,0.4284619318171479,0.1666666567325592,000101110001
cnear_s0_i2.0_pABABABAB_ppc3,near,0.4133599633458017,0.16666662693023682,100111111011
cnear_s0_i2.0_pABABABAB_ppc3,near,0.5165212555606474,1.0,000000111111
cnear_s0_i2.0_pABABABAB_ppc3,near,0.5140055129598912,0.8333333283662796,000100111111
cnear_s0_i2.0_pABABABAB_ppc3,near,0.5045549993927794,0.6666666865348816,000000111001
cnear_s0_i2.0_pABABABAB_ppc3,near,0.45679177949740285,0.6666666567325592,101000111111
cnear_s0_i2.0_pABABABAB_ppc3,near,0.4515251797120804,0.5000000149011612,000001111100
cnear_s0_i2.0_pABABABAB_ppc3,near,0.45030248812774476,0.3333333432674408,000011110101
cnear_s0_i2.0_pABABABAB_ppc3,near,0.44857730252946587,0.1666666865348816,100101110101
cnear_s0_i2.0_pABABABAB_ppc3,near,0.44658910103634686,0.1666666567325592,000101110001
cnear_s0_i2.0_pABABABAB_ppc3,near,0.4138513179174785,0.16666662693023682,100111111011
cnear_s0_i2.0_pABABABAB_ppc3,near,0.5186083286829378,1.0,000000111111
cnear_s0_i2.0_pABABABAB_ppc3,near,0.5161948111015319,0.8333333283662796,000100111111
cnear_s0_i2.0_pABABABAB_ppc3,near,0.5088998282264019,0.6666666865348816,000000111001
cnear_s0_i2.0_pABABABAB_ppc3,near,0.456857631732335,0.6666666567325592,101000111111
cnear_s0_i2.0_pABABABAB_ppc3,near,0.4531922956952697,0.3333333432674408,000011110101
cnear_s0_i2.0_pABABABAB_ppc3,near,0.44990177647392643,0.1666666865348816,100101110101
cnear_s0_i2.0_pABABABAB_ppc3,near,0.44665448679107017,0.1666666567325592,000101110001
cnear_s0_i2.0_pABABABAB_ppc3,near,0.42133874142135697,0.16666662693023682,100111111011
cnear_s0_i2.0_pABABABAB_ppc3,near,0.5222238030541559,1.0,000000111111
cnear_s0_i2.0_pABABABAB_ppc3,near,0.509766002838639,0.6666666865348816,000000111001
cnear_s0_i2.0_pABABABAB_ppc3,near,0.46744871160400836,0.6666666567325592,101000111111
cnear_s0_i2.0_pABABABAB_ppc3,near,0.4583202727438732,0.5000000149011612,000001111100
cnear_s0_i2.0_pABABABAB_ppc3,near,0.4519886784897796,0.1666666865348816,100101110101
cnear_s0_i2.0_pABABABAB_ppc3,near,0.4216248270595211,0.16666662693023682,100111111011
cnear_s1_i0.001_pABABAB_ppc2,near,0.3407817615450106,1.0,111111000000
cnear_s1_i0.001_pABABAB_ppc2,near,0.29658149129880423,0.5,100101000000
cnear_s1_i0.001_pABABAB_ppc2,near,0.29581272324801167,0.1666666567325592,101100010010
cnear_s1_i0.001_pABABAB_ppc2,near,0.3440585137260231,1.0,111111000000
cnear_s1_i0.001_pABABAB_ppc2,near,0.2981971707935868,0.5,000000100011
cnear_s1_i0.001_pABABAB_ppc2,near,0.34413518697362055,1.0,111111000000
cnear_s1_i0.001_pABABAB_ppc2,near,0.29965451395731757,0.5,000000100011
cnear_s1_i0.001_pABABAB_ppc2,near,0.3449795970862562,1.0,111111000000
cnear_s1_i0.001_pABABAB_ppc2,near,0.30083768120014365,0.5,000000100011
cnear_s1_i0.001_pABABAB_ppc2,near,0.3003582151326224,0.1666666567325592,101100010010
cnear_s1_i0.001_pABABAB_ppc2,near,0.34653721525418485,1.0,111111000000
cnear_s1_i0.001_pABABAB_ppc2,near,0.30235103887653997,0.5,000000100011
cnear_s1_i0.001_pABABAB_ppc2,near,0.3015379518037662,0.1666666567325592,101100010010
cnear_s1_i0.001_pABABAB_ppc2,near,0.34706049746918405,1.0,111111000000
cnear_s1_i0.001_pABABAB_ppc2,near,0.3035565290437345,0.5,000000100011
cnear_s1_i0.001_pABABAB_ppc2,near,0.3028861610086592,0.3333333432674408,110011010010
cnear_s1_i0.001_pABABAB_ppc2,near,0.3473947096870027,1.0,111111000000
cnear_s1_i0.001_pABABAB_ppc2,near,0.3038217135525139,0.5,000000100011
cnear_s1_i0.001_pABABAB_ppc2,near,0.3474370380440219,1.0,111111000000
cnear_s1_i0.001_pABABAB_ppc2,near,0.30401940732686356,0.5,000000100011
cnear_s1_i0.001_pABABAB_ppc2,near,0.3475379531525753,1.0,111111000000
cnear_s1_i0.001_pABABAB_ppc2,near,0.3046966665245815,0.5,000000100011
cnear_s1_i0.001_pABABAB_ppc2,near,0.30431643227348104,0.3333333432674408,110011010010
cnear_s1_i0.001_pABABAB_ppc2,near,0.30407366548421455,0.1666666567325592,101100010010
cnear_s1_i0.001_pABABAB_ppc2,near,0.34756138400090014,1.0,111111000000
cnear_s1_i0.001_pABABAB_ppc2,near,0.30476226930940437,0.5,000000100011
cnear_s1_i0.001_pABABAB_ppc2,near,0.3046916338763284,0.3333333432674408,110011010010
cnear_s1_i0.001_pABABAB_ppc2,near,0.30425093362943945,0.1666666567325592,101100010010
cnear_s1_i0.001_pABABAB_ppc2,near,0.34770373500544915,1.0,111111000000
cnear_s1_i0.001_pABABAB_ppc2,near,0.3049695214140229,0.5,000000100011
cnear_s1_i0.001_pABABAB_ppc2,near,0.3047943837617905,0.3333333432674408,110011010010
cnear_s1_i0.001_pABABAB_ppc2,near,0.34863605113192037,1.0,111111000000
cnear_s1_i0.001_pABABAB_ppc2,near,0.3063348535361001,0.5,000000100011
cnear_s1_i0.001_pABABAB_ppc2,near,0.3051426466170762,0.3333333432674408,110011010010
cnear_s1_i0.001_pABABAB_ppc2,near,0.3497476893138479,1.0,111111000000
cnear_s1_i0.001_pABABAB_ppc2,near,0.3491905268324031,0.6666666567325592,111111001010
cnear_s1_i0.001_pABABAB_ppc2,near,0.31010094729506155,0.5,000000100011
cnear_s1_i0.001_pABABAB_ppc2,near,0.30600155362150294,0.3333333432674408,110011010010
cnear_s1_i0.001_pABABAB_ppc2,near,0.305480834313626,0.1666666567325592,101100010010
cnear_s1_i0.001_pABABAB_ppc2,near,0.3498102040453391,1.0,111111000000
cnear_s1_i0.001_pABABAB_ppc2,near,0.31130207083399664,0.5,000000100011
cnear_s1_i0.001_pABABAB_ppc2,near,0.3060149623065213,0.3333333432674408,110011010010
cnear_s1_i0.001_pABABAB_ppc2,near,0.35042536770924926,1.0,111111000000
cnear_s1_i0.001_pABABAB_ppc2,near,0.3063473119030029,0.3333333432674408,110011010010
cnear_s1_i0.001_pABABAB_ppc3,near,0.5954812690329093,1.0,000000111111
cnear_s1_i0.001_pABABAB_ppc3,near,0.5431025865989235,0.8333333134651184,000000111101
cnear_s1_i0.001_pABABAB_ppc3,near,0.5209519427842819,0.6666666865348816,000000101011
cnear_s1_i0.001_pABABAB_ppc3,near,0.5008632098109677,0.6666666567325592,100010111111
cnear_s1_i0.001_pABABAB_ppc3,near,0.4643456343919612,0.3333333432674408,000101111001
cnear_s1_i0.001_pABABAB_ppc3,near,0.4538423070110954,0.1666666716337204,010000001001
cnear_s1_i0.001_pABABAB_ppc3,near,0.4450079593520898,0.1666666567325592,110000001101
cnear_s1_i0.001_pABABAB_ppc3,near,0.5985703910199496,1.0,000000111111
cnear_s1_i0.001_pABABAB_ppc3,near,0.5973767148760649,0.8333333283662796,100000111111
cnear_s1_i0.001_pABABAB_ppc3,near,0.5438092756156738,0.8333333134651184,000000111101
cnear_s1_i0.001_pABABAB_ppc3,near,0.5267917361970131,0.6666666865348816,000000101011
cnear_s1_i0.001_pABABAB_ppc3,near,0.5019839964950314,0.6666666567325592,100010111111
cnear_s1_i0.001_pABABAB_ppc3,near,0.5015725546946319,0.5000000149011612,010000101011
cnear_s1_i0.001_pABABAB_ppc3,near,0.4710132872184309,0.3333333432674408,000101111001
cnear_s1_i0.001_pABABAB_ppc3,near,0.5990147301783928,1.0,000000111111
cnear_s1_i0.001_pABABAB_ppc3,near,0.5989043755026964,0.8333333283662796,100000111111
cnear_s1_i0.001_pABABAB_ppc3,near,0.555334841646254,0.8333333134651184,000000111101
cnear_s1_i0.001_pABABAB_ppc3,near,0.5268543451737899,0.6666666865348816,000000101011
cnear_s1_i0.001_pABABAB_ppc3,near,0.5044720602150147,0.6666666567325592,100010111111
cnear_s1_i0.001_pABABAB_ppc3,near,0.5044170202329181,0.5000000149011612,100000111001
cnear_s1_i0.001_pABABAB_ppc3,near,0.5041224275214168,0.4999999701976776,010001111011
cnear_s1_i0.001_pABABAB_ppc3,near,0.4720126312226057,0.3333333432674408,000011111001
cnear_s1_i0.001_pABABAB_ppc3,near,0.471755911825368,0.0,100011111000
cnear_s1_i0.001_pABABAB_ppc3,near,0.5993359342790567,1.0,000000111111
cnear_s1_i0.001_pABABAB_ppc3,near,0.5565819701466422,0.8333333134651184,000000111101
cnear_s1_i0.001_pABABAB_ppc3,near,0.5285780526984196,0.6666666865348816,000000101011
cnear_s1_i0.001_pABABAB_ppc3,near,0.5052253079528992,0.6666666567325592,100010111111
cnear_s1_i0.001_pABABAB_ppc3,near,0.47516198249963615,0.3333333432674408,000011111001
cnear_s1_i0.001_pABABAB_ppc3,near,0.47381894041139344,0.0,100011111000
cnear_s1_i0.001_pABABAB_ppc3,near,0.5995519210512822,1.0,000000111111
cnear_s1_i0.001_pABABAB_ppc3,near,0.599405870357385,0.8333333283662796,100000111111
cnear_s1_i0.001_pABABAB_ppc3,near,0.5573940816693581,0.8333333134651184,000000111101
cnear_s1_i0.001_pABABAB_ppc3,near,0.5286162853527527,0.6666666865348816,000000101011
cnear_s1_i0.001_pABABAB_ppc3,near,0.5053450040375957,0.6666666567325592,100010111111
cnear_s1_i0.001_pABABAB_ppc3,near,0.47686178184186034,0.3333333432674408,000011111001
cnear_s1_i0.001_pABABAB_ppc3,near,0.4761434519520173,0.0,100011111000
cnear_s1_i0.001_pABABAB_ppc3,near,0.6001922067541342,1.0,000000111111
cnear_s1_i0.001_pABABAB_ppc3,near,0.5994980514622652,0.8333333283662796,100000111111
cnear_s1_i0.001_pABABAB_ppc3,near,0.5579175908834888,0.8333333134651184,000000111101
cnear_s1_i0.001_pABABAB_ppc3,near,0.5296641152638656,0.6666666865348816,000000101011
cnear_s1_i0.001_pABABAB_ppc3,near,0.5057055541457465,0.6666666567325592,100010111111
cnear_s1_i0.001_pABABAB_ppc3,near,0.5055866548200496,0.4999999701976776,010001111011
cnear_s1_i0.001_pABABAB_ppc3,near,0.4775677441404416,0.3333333432674408,000011111001
cnear_s1_i0.001_pABABAB_ppc3,near,0.6005185195459769,1.0,000000111111
cnear_s1_i0.001_pABABABAB_ppc2,near,0.4655973030984851,1.0,000000111111
cnear_s1_i0.001_pABABABAB_ppc2,near,0.4422047921649084,0.8333333283662796,000010111111
cnear_s1_i0.001_pABABABAB_ppc2,near,0.349782844555789,0.8333333134651184,101111000000
cnear_s1_i0.001_pABABABAB_ppc2,near,0.33248843149892215,0.6666666865348816,000000110011
cnear_s1_i0.001_pABABABAB_ppc2,near,0.31167462939428614,0.3333333283662796,001000010110
cnear_s1_i0.001_pABABABAB_ppc2,near,0.27614379880532364,0.16666662693023682,111011110110
cnear_s1_i0.001_pABABABAB_ppc2,near,0.4664969981712257,1.0,000000111111
cnear_s1_i0.001_pABABABAB_ppc2,near,0.44235326339298026,0.8333333283662796,000010111111
cnear_s1_i0.001_pABABABAB_ppc2,near,0.3561458097578123,0.8333333134651184,101111000000
cnear_s1_i0.001_pABABABAB_ppc2,near,0.33512596134096384,0.6666666865348816,000000110011
cnear_s1_i0.001_pABABABAB_ppc2,near,0.3131680143033636,0.3333333283662796,001000010110
cnear_s1_i0.001_pABABABAB_ppc2,near,0.27759728837629843,0.16666662693023682,111011110110
cnear_s1_i0.001_pABABABAB_ppc2,near,0.468351079271464,1.0,000000111111
cnear_s1_i0.001_pABABABAB_ppc2,near,0.44308314798399806,0.8333333283662796,000010111111
cnear_s1_i0.001_pABABABAB_ppc2,near,0.3563606069776519,0.8333333134651184,101111000000
cnear_s1_i0.001_pABABABAB_ppc2,near,0.3371165973327026,0.6666666865348816,000000110011
cnear_s1_i0.001_pABABABAB_ppc2,near,0.314483215871813,0.3333333283662796,001000010110
cnear_s1_i0.001_pABABABAB_ppc2,near,0.27802199757946977,0.16666662693023682,111011110110
cnear_s1_i0.001_pABABABAB_ppc2,near,0.4688911306398824,1.0,000000111111
cnear_s1_i0.001_pABABABAB_ppc2,near,0.44326049190592665,0.8333333283662796,000010111111
cnear_s1_i0.001_pABABABAB_ppc2,near,0.3565630003938387,0.8333333134651184,101111000000
cnear_s1_i0.001_pABABABAB_ppc2,near,0.3371541583268293,0.6666666865348816,000000110011
cnear_s1_i0.001_pABABABAB_ppc2,near,0.31527245987270924,0.3333333283662796,001000010110
cnear_s1_i0.001_pABABABAB_ppc2,near,0.46920133672518144,1.0,000000111111
cnear_s1_i0.001_pABABABAB_ppc2,near,0.44331559280318944,0.8333333283662796,000010111111
cnear_s1_i0.001_pABABABAB_ppc2,near,0.35787704959511757,0.8333333134651184,101111000000
cnear_s1_i0.001_pABABABAB_ppc2,near,0.33995493812936134,0.6666666865348816,000000110011
cnear_s1_i0.001_pABABABAB_ppc2,near,0.3387781272959446,0.4999999701976776,011000011111
cnear_s1_i0.001_pABABABAB_ppc2,near,0.3155804531134922,0.3333333283662796,001000010110
cnear_s1_i0.001_pABABABAB_ppc2,near,0.46920983373299885,1.0,000000111111
cnear_s1_i0.001_pABABABAB_ppc2,near,0.44470569954639105,0.8333333283662796,000010111111
cnear_s1_i0.001_pABABABAB_ppc2,near,0.36238038803225964,0.8333333134651184,101111000000
cnear_s1_i0.001_pABABABAB_ppc2,near,0.3404690977587397,0.6666666865348816,000000110011
cnear_s1_i0.001_pABABABAB_ppc2,near,0.33917192304065324,0.3333333432674408,101000111100
cnear_s1_i0.001_pABABABAB_ppc2,near,0.3155884883238067,0.3333333283662796,001000010110
cnear_s1_i0.001_pABABABAB_ppc2,near,0.46952739803537985,1.0,000000111111
cnear_s1_i0.001_pABABABAB_ppc2,near,0.4455631776905522,0.8333333283662796,000010111111
cnear_s1_i0.001_pABABABAB_ppc2,near,0.36310109332332324,0.8333333134651184,101111000000
cnear_s1_i0.001_pABABABAB_ppc2,near,0.3410984883566612,0.6666666865348816,000000110011
cnear_s1_i0.001_pABABABAB_ppc2,near,0.3170137964429912,0.3333333283662796,001000010110
cnear_s1_i0.001_pABABABAB_ppc2,near,0.46974598404004014,1.0,000000111111
cnear_s1_i0.001_pABABABAB_ppc2,near,0.31827465676028155,0.3333333283662796,001000010110
cnear_s1_i0.001_pABABABAB_ppc2,near,0.34122807351101575,0.6666666865348816,000000110011
cnear_s1_i0.001_pABABABAB_ppc2,near,0.44567290037581375,0.8333333283662796,000010111111
cnear_s1_i0.001_pABABABAB_ppc3,near,0.6812206477611914,1.0,000000111111
cnear_s1_i0.001_pABABABAB_ppc3,near,0.48220286372615473,0.8333333283662796,000001111111
cnear_s1_i0.001_pABABABAB_ppc3,near,0.4638779438261328,0.5,010101111111
cnear_s1_i0.001_pABABABAB_ppc3,near,0.4535473785256089,0.3333333432674408,000101100111
cnear_s1_i0.001_pABABABAB_ppc3,near,0.6830596473367735,1.0,000000111111
cnear_s1_i0.001_pABABABAB_ppc3,near,0.48235714184816114,0.8333333283662796,000001111111
cnear_s1_i0.001_pABABABAB_ppc3,near,0.4695848499307002,0.5,010101111111
cnear_s1_i0.001_pABABABAB_ppc3,near,0.45590997594355165,0.3333333432674408,000101100111
cnear_s1_i0.001_pABABABAB_ppc3,near,0.6833850803902779,1.0,000000111111
cnear_s1_i0.001_pABABABAB_ppc3,near,0.48258039634875505,0.8333333283662796,000001111111
cnear_s1_i0.001_pABABABAB_ppc3,near,0.4574070868307146,0.3333333432674408,000101100111
cnear_s1_i0.001_pABABABAB_ppc3,near,0.684253612811538,1.0,000000111111
cnear_s1_i0.001_pABABABAB_ppc3,near,0.48414534408781124,0.8333333283662796,000001111111
cnear_s1_i0.001_pABABABAB_ppc3,near,0.4580134466911356,0.3333333432674408,000101100111
cnear_s1_i0.001_pABABABAB_ppc3,near,0.6842792219985491,1.0,000000111111
cnear_s1_i0.001_pABABABAB_ppc3,near,0.485089605709942,0.8333333283662796,000001111111
cnear_s1_i0.001_pABABABAB_ppc3,near,0.45805496286772107,0.3333333432674408,000101100111
cnear_s1_i0.001_pABABABAB_ppc3,near,0.6849995683664563,1.0,000000111111
cnear_s1_i0.001_pABABABAB_ppc3,near,0.48567425111523127,0.8333333283662796,000001111111
cnear_s1_i0.001_pABABABAB_ppc3,near,0.4580831643804137,0.3333333432674408,000101100111
cnear_s1_i0.001_pABABABAB_ppc3,near,0.6852724679756439,1.0,000000111111
cnear_s1_i0.001_pABABABAB_ppc3,near,0.4870030677438467,0.8333333283662796,000001111111
cnear_s1_i0.001_pABABABAB_ppc3,near,0.45887048578896056,0.3333333432674408,000101100111
cnear_s1_i0.001_pABABABAB_ppc3,near,0.6856294943169615,1.0,000000111111
cnear_s1_i0.001_pABABABAB_ppc3,near,0.48726686139473285,0.8333333283662796,000001111111
cnear_s1_i0.001_pABABABAB_ppc3,near,0.45960496494482306,0.3333333432674408,000101100111
cnear_s1_i0.001_pABABABAB_ppc3,near,0.6857123195097364,1.0,000000111111
cnear_s1_i0.001_pABABABAB_ppc3,near,0.4877027964397419,0.8333333283662796,000001111111
cnear_s1_i0.001_pABABABAB_ppc3,near,0.46008927413615686,0.3333333432674408,000101100111
cnear_s1_i0.001_pABABABAB_ppc3,near,0.6858197056699074,1.0,000000111111
cnear_s1_i0.001_pABABABAB_ppc3,near,0.48771228312231046,0.8333333283662796,000001111111
cnear_s1_i0.001_pABABABAB_ppc3,near,0.4605450438356948,0.3333333432674408,000101100111
cnear_s1_i0.001_pABABABAB_ppc3,near,0.6858605431585476,1.0,000000111111
cnear_s1_i0.001_pABABABAB_ppc3,near,0.4877846409170621,0.8333333283662796,000001111111
cnear_s1_i0.001_pABABABAB_ppc3,near,0.4605539558755084,0.3333333432674408,000101100111
cnear_s1_i0.001_pABABABAB_ppc3,near,0.686844115926959,1.0,000000111111
cnear_s1_i0.001_pABABABAB_ppc3,near,0.4879706311441059,0.8333333283662796,000001111111
cnear_s1_i0.001_pABABABAB_ppc3,near,0.46067779532623016,0.3333333432674408,000101100111
cnear_s1_i0.001_pABABABAB_ppc3,near,0.6869662401491198,1.0,000000111111
cnear_s1_i0.001_pABABABAB_ppc3,near,0.4890418000159325,0.8333333283662796,000001111111
cnear_s1_i0.001_pABABABAB_ppc3,near,0.46102589927613735,0.3333333432674408,000101100111
cnear_s1_i0.001_pABABABAB_ppc3,near,0.6870287984780882,1.0,000000111111
cnear_s1_i0.001_pABABABAB_ppc3,near,0.4891955539712618,0.8333333283662796,000001111111
cnear_s1_i0.001_pABABABAB_ppc3,near,0.4611691813808919,0.3333333432674408,000101100111
cnear_s1_i2.0_pABABAB_ppc2,near,0.36271127076311543,1.0,111111000000
cnear_s1_i2.0_pABABAB_ppc2,near,0.3330072433243252,0.8333333134651184,000000101111
cnear_s1_i2.0_pABABAB_ppc2,near,0.3257235031036213,0.666666641831398,110111010000
cnear_s1_i2.0_pABABAB_ppc2,near,0.31281510255278344,0.3333333432674408,110011010010
cnear_s1_i2.0_pABABAB_ppc2,near,0.3025375690776855,0.0,010011010011
cnear_s1_i2.0_pABABAB_ppc2,near,0.3765191153877161,1.0,111111000000
cnear_s1_i2.0_pABABAB_ppc2,near,0.3349740549350496,0.8333333134651184,000000101111
cnear_s1_i2.0_pABABAB_ppc2,near,0.33143950878134504,0.666666641831398,110111010000
cnear_s1_i2.0_pABABAB_ppc2,near,0.3139647307821592,0.3333333432674408,110011010010
cnear_s1_i2.0_pABABAB_ppc2,near,0.3082996597090228,0.0,010011010011
cnear_s1_i2.0_pABABAB_ppc2,near,0.3806885960935192,1.0,111111000000
cnear_s1_i2.0_pABABAB_ppc2,near,0.33722682611551136,0.8333333134651184,000000101111
cnear_s1_i2.0_pABABAB_ppc2,near,0.33711017363450746,0.5,000000100011
cnear_s1_i2.0_pABABAB_ppc2,near,0.31546461263100023,0.3333333432674408,110011010010
cnear_s1_i2.0_pABABAB_ppc2,near,0.308303971105488,0.0,010011010011
cnear_s1_i2.0_pABABAB_ppc2,near,0.3849307429045439,1.0,111111000000
cnear_s1_i2.0_pABABAB_ppc2,near,0.33860316036523064,0.8333333134651184,000000101111
cnear_s1_i2.0_pABABAB_ppc2,near,0.31619948472838255,0.3333333432674408,110011010010
cnear_s1_i2.0_pABABAB_ppc2,near,0.3091826558573468,0.0,010011010011
cnear_s1_i2.0_pABABAB_ppc2,near,0.38803686400536785,1.0,111111000000
cnear_s1_i2.0_pABABAB_ppc2,near,0.33887576711475215,0.8333333134651184,000000101111
cnear_s1_i2.0_pABABAB_ppc2,near,0.31630640743672056,0.3333333432674408,110011010010
cnear_s1_i2.0_pABABAB_ppc2,near,0.3107936168142425,0.0,010011010011
cnear_s1_i2.0_pABABAB_ppc2,near,0.3897941473194144,1.0,111111000000
cnear_s1_i2.0_pABABAB_ppc2,near,0.33943664855112066,0.8333333134651184,000000101111
cnear_s1_i2.0_pABABAB_ppc2,near,0.33936862711032684,0.5000000149011612,110011000001
cnear_s1_i2.0_pABABAB_ppc2,near,0.31663105426493776,0.3333333432674408,110011010010
cnear_s1_i2.0_pABABAB_ppc2,near,0.3113133190411397,0.0,010011010011
cnear_s1_i2.0_pABABAB_ppc2,near,0.464608411219987,1.0,000000111111
cnear_s1_i2.0_pABABAB_ppc2,near,0.40638456708719867,0.8333333283662796,111111010000
cnear_s1_i2.0_pABABAB_ppc2,near,0.34038150583563204,0.8333333134651184,000000101111
cnear_s1_i2.0_pABABAB_ppc2,near,0.31678895806809043,0.3333333432674408,110011010010
cnear_s1_i2.0_pABABAB_ppc2,near,0.46635077842934564,1.0,000000111111
cnear_s1_i2.0_pABABAB_ppc2,near,0.40685071963393554,0.8333333283662796,111111010000
cnear_s1_i2.0_pABABAB_ppc2,near,0.3404659658501094,0.8333333134651184,000000101111
cnear_s1_i2.0_pABABAB_ppc2,near,0.3170782916554758,0.3333333432674408,110011010010
cnear_s1_i2.0_pABABAB_ppc2,near,0.3170389925785871,0.3333333134651184,111000111110
cnear_s1_i2.0_pABABAB_ppc2,near,0.4692744538611309,1.0,000000111111
cnear_s1_i2.0_pABABAB_ppc2,near,0.4069632352806035,0.8333333283662796,111111100000
cnear_s1_i2.0_pABABAB_ppc2,near,0.3419088982892307,0.8333333134651184,000000101111
cnear_s1_i2.0_pABABAB_ppc2,near,0.3175380727890032,0.3333333432674408,110011010010
cnear_s1_i2.0_pABABAB_ppc2,near,0.47014708548191597,1.0,000000111111
cnear_s1_i2.0_pABABAB_ppc2,near,0.31772160315251147,0.3333333432674408,110011010010
cnear_s1_i2.0_pABABAB_ppc2,near,0.34293676991100336,0.8333333134651184,000000101111
cnear_s1_i2.0_pABABAB_ppc3,near,0.6068539870043214,1.0,000000111111
cnear_s1_i2.0_pABABAB_ppc3,near,0.5671934804592568,0.8333333283662796,010000111111
cnear_s1_i2.0_pABABAB_ppc3,near,0.5235800933809235,0.8333333134651184,000000110111
cnear_s1_i2.0_pABABAB_ppc3,near,0.4627722454758791,0.666666641831398,000100110111
cnear_s1_i2.0_pABABAB_ppc3,near,0.4517974603634614,0.3333333283662796,010000011001
cnear_s1_i2.0_pABABAB_ppc3,near,0.42026106108051653,0.0,011100110001
cnear_s1_i2.0_pABABAB_ppc3,near,0.6077466023226197,1.0,000000111111
cnear_s1_i2.0_pABABAB_ppc3,near,0.5798024037136481,0.8333333283662796,010000111111
cnear_s1_i2.0_pABABAB_ppc3,near,0.5287226182910112,0.8333333134651184,000000110111
cnear_s1_i2.0_pABABAB_ppc3,near,0.5141992505926353,0.666666641831398,010000011111
cnear_s1_i2.0_pABABAB_ppc3,near,0.4766133876947256,0.5000000149011612,011101010000
cnear_s1_i2.0_pABABAB_ppc3,near,0.46420764348541316,0.3333333432674408,000101111001
cnear_s1_i2.0_pABABAB_ppc3,near,0.4577218704498731,0.3333333283662796,010000011001
cnear_s1_i2.0_pABABAB_ppc3,near,0.428806115511375,0.0,011100110001
cnear_s1_i2.0_pABABAB_ppc3,near,0.6157589811258591,1.0,000000111111
cnear_s1_i2.0_pABABAB_ppc3,near,0.5806470809217829,0.8333333283662796,010000111111
cnear_s1_i2.0_pABABAB_ppc3,near,0.5329964303196623,0.8333333134651184,000000110111
cnear_s1_i2.0_pABABAB_ppc3,near,0.531983265796533,0.6666666567325592,000101111111
cnear_s1_i2.0_pABABAB_ppc3,near,0.5172482797052138,0.666666641831398,000001111110
cnear_s1_i2.0_pABABAB_ppc3,near,0.4806121882624351,0.5000000149011612,011101010000
cnear_s1_i2.0_pABABAB_ppc3,near,0.46869588603193946,0.3333333432674408,000101111001
cnear_s1_i2.0_pABABAB_ppc3,near,0.460551386899673,0.3333333283662796,010000011001
cnear_s1_i2.0_pABABAB_ppc3,near,0.45941163996377815,0.1666666716337204,010000001001
cnear_s1_i2.0_pABABAB_ppc3,near,0.4326468160519233,0.0,011100110001
cnear_s1_i2.0_pABABAB_ppc3,near,0.6162598389738168,1.0,000000111111
cnear_s1_i2.0_pABABAB_ppc3,near,0.5829447461865269,0.8333333283662796,010000111111
cnear_s1_i2.0_pABABAB_ppc3,near,0.5353926886732762,0.8333333134651184,000000111101
cnear_s1_i2.0_pABABAB_ppc3,near,0.5345143320468756,0.6666666567325592,000101111111
cnear_s1_i2.0_pABABAB_ppc3,near,0.5305006727576256,0.666666641831398,010000011111
cnear_s1_i2.0_pABABAB_ppc3,near,0.4844959204443372,0.5000000149011612,011101010000
cnear_s1_i2.0_pABABAB_ppc3,near,0.4752724861869445,0.3333333432674408,000101111001
cnear_s1_i2.0_pABABAB_ppc3,near,0.4669179185651816,0.3333333283662796,010000011001
cnear_s1_i2.0_pABABAB_ppc3,near,0.4648191376374318,0.1666666716337204,010000001001
cnear_s1_i2.0_pABABAB_ppc3,near,0.4342600665055215,0.0,011100110001
cnear_s1_i2.0_pABABAB_ppc3,near,0.6171252851589368,1.0,000000111111
cnear_s1_i2.0_pABABAB_ppc3,near,0.588582830163292,0.8333333283662796,010000111111
cnear_s1_i2.0_pABABAB_ppc3,near,0.5365484508327567,0.8333333134651184,000000110111
cnear_s1_i2.0_pABABAB_ppc3,near,0.5358321730334025,0.6666666567325592,000101111111
cnear_s1_i2.0_pABABAB_ppc3,near,0.530684231278988,0.666666641831398,000001111110
cnear_s1_i2.0_pABABAB_ppc3,near,0.49434378439417254,0.5000000149011612,011101010000
cnear_s1_i2.0_pABABAB_ppc3,near,0.4757308694319083,0.3333333432674408,101011010001
cnear_s1_i2.0_pABABAB_ppc3,near,0.468638267998512,0.3333333283662796,010000011001
cnear_s1_i2.0_pABABAB_ppc3,near,0.4650998422302879,0.1666666716337204,010000001001
cnear_s1_i2.0_pABABAB_ppc3,near,0.4348691216455056,0.0,011100110001
cnear_s1_i2.0_pABABABAB_ppc2,near,0.4292140480869546,1.0,000000111111
cnear_s1_i2.0_pABABABAB_ppc2,near,0.38192124131681593,0.8333333134651184,000000111101
cnear_s1_i2.0_pABABABAB_ppc2,near,0.3524534711734681,0.6666666865348816,000000110011
cnear_s1_i2.0_pABABABAB_ppc2,near,0.34116801450928225,0.6666666567325592,111111001001
cnear_s1_i2.0_pABABABAB_ppc2,near,0.31969418692611284,0.3333333283662796,001000010110
cnear_s1_i2.0_pABABABAB_ppc2,near,0.4293892196467917,1.0,000000111111
cnear_s1_i2.0_pABABABAB_ppc2,near,0.38346356766173967,0.8333333134651184,000000111110
cnear_s1_i2.0_pABABABAB_ppc2,near,0.3765051928589699,0.6666666865348816,000000001111
cnear_s1_i2.0_pABABABAB_ppc2,near,0.3456372365371549,0.6666666567325592,111111001001
cnear_s1_i2.0_pABABABAB_ppc2,near,0.32143025232703776,0.3333333283662796,001000010110
cnear_s1_i2.0_pABABABAB_ppc2,near,0.43107743208007565,1.0,000000111111
cnear_s1_i2.0_pABABABAB_ppc2,near,0.3852973037368241,0.8333333134651184,000000111110
cnear_s1_i2.0_pABABABAB_ppc2,near,0.3787248474385204,0.6666666865348816,000000011011
cnear_s1_i2.0_pABABABAB_ppc2,near,0.34632378397509456,0.6666666567325592,111111001001
cnear_s1_i2.0_pABABABAB_ppc2,near,0.32192932542991537,0.3333333283662796,001000010110
cnear_s1_i2.0_pABABABAB_ppc2,near,0.43123986004402154,1.0,000000111111
cnear_s1_i2.0_pABABABAB_ppc2,near,0.3857725816618266,0.8333333134651184,000000111101
cnear_s1_i2.0_pABABABAB_ppc2,near,0.3794964260566209,0.6666666865348816,000000011011
cnear_s1_i2.0_pABABABAB_ppc2,near,0.348964458909528,0.6666666567325592,111111001001
cnear_s1_i2.0_pABABABAB_ppc2,near,0.32216425240039825,0.3333333283662796,001000010110
cnear_s1_i2.0_pABABABAB_ppc2,near,0.4316151119038013,1.0,000000111111
cnear_s1_i2.0_pABABABAB_ppc2,near,0.38715461786065636,0.8333333134651184,000000111110
cnear_s1_i2.0_pABABABAB_ppc2,near,0.37970081347458323,0.6666666865348816,000000011011
cnear_s1_i2.0_pABABABAB_ppc2,near,0.35186877014147566,0.6666666567325592,111111001001
cnear_s1_i2.0_pABABABAB_ppc2,near,0.3241839148385193,0.3333333283662796,001000010110
cnear_s1_i2.0_pABABABAB_ppc2,near,0.4317293983707526,1.0,000000111111
cnear_s1_i2.0_pABABABAB_ppc2,near,0.38877551899701035,0.8333333134651184,000000111110
cnear_s1_i2.0_pABABABAB_ppc2,near,0.380473244072195,0.6666666865348816,000000001111
cnear_s1_i2.0_pABABABAB_ppc2,near,0.3555756687941351,0.6666666567325592,111111001001
cnear_s1_i2.0_pABABABAB_ppc2,near,0.3254101970955601,0.3333333283662796,001000010110
cnear_s1_i2.0_pABABABAB_ppc2,near,0.4325523175267053,1.0,000000111111
cnear_s1_i2.0_pABABABAB_ppc2,near,0.3888549663664388,0.8333333134651184,000000111110
cnear_s1_i2.0_pABABABAB_ppc2,near,0.3840633489287562,0.6666666865348816,000000001111
cnear_s1_i2.0_pABABABAB_ppc2,near,0.3575370708352019,0.6666666567325592,111111001001
cnear_s1_i2.0_pABABABAB_ppc2,near,0.3254540558775951,0.3333333283662796,001000010110
cnear_s1_i2.0_pABABABAB_ppc2,near,0.4327576207840044,1.0,000000111111
cnear_s1_i2.0_pABABABAB_ppc2,near,0.3895961597947211,0.8333333134651184,000000111101
cnear_s1_i2.0_pABABABAB_ppc2,near,0.38436756094371705,0.6666666865348816,000000011011
cnear_s1_i2.0_pABABABAB_ppc2,near,0.3586518536080959,0.6666666567325592,111111001001
cnear_s1_i2.0_pABABABAB_ppc2,near,0.326300226786206,0.3333333283662796,001000010110
cnear_s1_i2.0_pABABABAB_ppc2,near,0.4334910995696254,1.0,000000111111
cnear_s1_i2.0_pABABABAB_ppc2,near,0.3265787965581945,0.3333333283662796,001000010110
cnear_s1_i2.0_pABABABAB_ppc2,near,0.36456544547550507,0.5,000000101001
cnear_s1_i2.0_pABABABAB_ppc2,near,0.3919582001078103,0.8333333134651184,000000111110
cnear_s1_i2.0_pABABABAB_ppc3,near,0.6695665471341418,1.0,000000111111
cnear_s1_i2.0_pABABABAB_ppc3,near,0.45538774597319376,0.8333333283662796,000001111111
cnear_s1_i2.0_pABABABAB_ppc3,near,0.43195202342908956,0.16666662693023682,110011111110
cnear_s1_i2.0_pABABABAB_ppc3,near,0.6711212683511877,1.0,000000111111
cnear_s1_i2.0_pABABABAB_ppc3,near,0.46013012515707474,0.8333333283662796,000001111111
cnear_s1_i2.0_pABABABAB_ppc3,near,0.43281325044902574,0.16666662693023682,110011111110
cnear_s1_i2.0_pABABABAB_ppc3,near,0.6737085898545967,1.0,000000111111
cnear_s1_i2.0_pABABABAB_ppc3,near,0.46112180212191467,0.8333333283662796,000001111111
cnear_s1_i2.0_pABABABAB_ppc3,near,0.4340002553901453,0.16666662693023682,110011111110
cnear_s1_i2.0_pABABABAB_ppc3,near,0.6745175214848299,1.0,000000111111
cnear_s1_i2.0_pABABABAB_ppc3,near,0.4611946664424078,0.8333333283662796,000001111111
cnear_s1_i2.0_pABABABAB_ppc3,near,0.4342542604125779,0.16666662693023682,110011111110
cnear_s1_i2.0_pABABABAB_ppc3,near,0.6754375512915096,1.0,000000111111
cnear_s1_i2.0_pABABABAB_ppc3,near,0.46155846053894994,0.8333333283662796,000001111111
cnear_s1_i2.0_pABABABAB_ppc3,near,0.4396487510516897,0.16666662693023682,110011111110
cnear_s1_i2.0_pABABABAB_ppc3,near,0.6796628339537258,1.0,000000111111
cnear_s1_i2.0_pABABABAB_ppc3,near,0.46226173369267465,0.8333333283662796,000001111111
cnear_s1_i2.0_pABABABAB_ppc3,near,0.44284295847361116,0.16666662693023682,110011111110
cnear_s1_i2.0_pABABABAB_ppc3,near,0.6797635518442625,1.0,000000111111
cnear_s1_i2.0_pABABABAB_ppc3,near,0.46418210456212017,0.8333333283662796,000001111111
cnear_s1_i2.0_pABABABAB_ppc3,near,0.4455436687788059,0.16666662693023682,110011111110
cnear_s1_i2.0_pABABABAB_ppc3,near,0.680020846726223,1.0,000000111111
cnear_s1_i2.0_pABABABAB_ppc3,near,0.46447025054541213,0.8333333283662796,000001111111
cnear_s1_i2.0_pABABABAB_ppc3,near,0.44784549801428425,0.16666662693023682,110011111110
cnear_s1_i2.0_pABABABAB_ppc3,near,0.6804607917351284,1.0,000000111111
cnear_s1_i2.0_pABABABAB_ppc3,near,0.4650236338205721,0.8333333283662796,000001111111
cnear_s1_i2.0_pABABABAB_ppc3,near,0.45220017690083075,0.16666662693023682,110011111110
cnear_s1_i2.0_pABABABAB_ppc3,near,0.6808210387825966,1.0,000000111111
cnear_s1_i2.0_pABABABAB_ppc3,near,0.46576186085799604,0.8333333283662796,000001111111
cnear_s1_i2.0_pABABABAB_ppc3,near,0.4534892545124494,0.16666662693023682,110011111110
cnear_s1_i2.0_pABABABAB_ppc3,near,0.6809636315908926,1.0,000000111111
cnear_s1_i2.0_pABABABAB_ppc3,near,0.46918909949111354,0.8333333283662796,000001111111
cnear_s1_i2.0_pABABABAB_ppc3,near,0.457808206082675,0.16666662693023682,110011111110
cnear_s1_i2.0_pABABABAB_ppc3,near,0.6810337141498752,1.0,000000111111
cnear_s1_i2.0_pABABABAB_ppc3,near,0.4693038451763662,0.8333333283662796,000001111111
cnear_s1_i2.0_pABABABAB_ppc3,near,0.45798710121334285,0.16666662693023682,110011111110
cnear_s1_i2.0_pABABABAB_ppc3,near,0.6811553044565792,1.0,000000111111
cnear_s1_i2.0_pABABABAB_ppc3,near,0.4693056998410444,0.8333333283662796,000001111111
cnear_s1_i2.0_pABABABAB_ppc3,near,0.46031723610371694,0.16666662693023682,110011111110
cnear_s1_i2.0_pABABABAB_ppc3,near,0.6816354637173401,1.0,000000111111
cnear_s1_i2.0_pABABABAB_ppc3,near,0.4697489559907338,0.8333333283662796,000001111111
cnear_s1_i2.0_pABABABAB_ppc3,near,0.46141737305569924,0.16666662693023682,110011111110
cnear_s1_i2.0_pABABABAB_ppc3,near,0.6817516064506838,1.0,000000111111
cnear_s1_i2.0_pABABABAB_ppc3,near,0.46289274490427695,0.16666662693023682,110011111110
cnear_s2_i0.001_pABABAB_ppc2,near,0.30717108136741444,1.0,111111000000
cnear_s2_i0.001_pABABAB_ppc2,near,0.19531705130463128,0.8333333283662796,000100111111
cnear_s2_i0.001_pABABAB_ppc2,near,0.1840278023076032,0.5000000149011612,111100001000
cnear_s2_i0.001_pABABAB_ppc2,near,0.3094977692764422,1.0,111111000000
cnear_s2_i0.001_pABABAB_ppc2,near,0.2375819768058136,0.8333333283662796,100000111111
cnear_s2_i0.001_pABABAB_ppc2,near,0.2110634108962999,0.8333333134651184,000000111110
cnear_s2_i0.001_pABABAB_ppc2,near,0.18411923677988604,0.5000000149011612,111100001000
cnear_s2_i0.001_pABABAB_ppc2,near,0.31019200906633737,1.0,111111000000
cnear_s2_i0.001_pABABAB_ppc2,near,0.23844169994646852,0.8333333283662796,111111000100
cnear_s2_i0.001_pABABAB_ppc2,near,0.2111239450168796,0.8333333134651184,000000111110
cnear_s2_i0.001_pABABAB_ppc2,near,0.18432073619624134,0.5000000149011612,111100001000
cnear_s2_i0.001_pABABAB_ppc2,near,0.31129988916853274,1.0,111111000000
cnear_s2_i0.001_pABABAB_ppc2,near,0.2388532869306139,0.8333333283662796,100000111111
cnear_s2_i0.001_pABABAB_ppc2,near,0.2114153384781358,0.8333333134651184,000000111110
cnear_s2_i0.001_pABABAB_ppc2,near,0.1854532973983706,0.5000000149011612,111100001000
cnear_s2_i0.001_pABABAB_ppc2,near,0.31194621543611656,1.0,111111000000
cnear_s2_i0.001_pABABAB_ppc2,near,0.23909918216734447,0.8333333283662796,111111000100
cnear_s2_i0.001_pABABAB_ppc2,near,0.21148071651854974,0.8333333134651184,000000111110
cnear_s2_i0.001_pABABAB_ppc2,near,0.1858461434633434,0.5000000149011612,111100001000
cnear_s2_i0.001_pABABAB_ppc2,near,0.31272387553260406,1.0,111111000000
cnear_s2_i0.001_pABABAB_ppc2,near,0.24211753684688697,0.8333333283662796,111111000100
cnear_s2_i0.001_pABABAB_ppc2,near,0.21186847909650003,0.8333333134651184,000000111110
cnear_s2_i0.001_pABABAB_ppc2,near,0.18592641363846435,0.5000000149011612,111100001000
cnear_s2_i0.001_pABABAB_ppc2,near,0.3136490006648025,1.0,111111000000
cnear_s2_i0.001_pABABAB_ppc2,near,0.2425762217026204,0.8333333283662796,111111000100
cnear_s2_i0.001_pABABAB_ppc2,near,0.23011646603911437,0.8333333134651184,111011000000
cnear_s2_i0.001_pABABAB_ppc2,near,0.2249553239274643,0.6666666567325592,101000111111
cnear_s2_i0.001_pABABAB_ppc2,near,0.21336491108575667,0.666666641831398,101111000100
cnear_s2_i0.001_pABABAB_ppc2,near,0.18595498201267963,0.5000000149011612,111100001000
cnear_s2_i0.001_pABABAB_ppc2,near,0.3140159133551854,1.0,111111000000
cnear_s2_i0.001_pABABAB_ppc2,near,0.24329284273765303,0.8333333283662796,111111000100
cnear_s2_i0.001_pABABAB_ppc2,near,0.23014475250701336,0.8333333134651184,111011000000
cnear_s2_i0.001_pABABAB_ppc2,near,0.2268727016529407,0.6666666567325592,101000111111
cnear_s2_i0.001_pABABAB_ppc2,near,0.21348312234675343,0.666666641831398,101111100000
cnear_s2_i0.001_pABABAB_ppc2,near,0.18602193921800458,0.5000000149011612,111100001000
cnear_s2_i0.001_pABABAB_ppc2,near,0.31423411816517316,1.0,111111000000
cnear_s2_i0.001_pABABAB_ppc2,near,0.24361838184466417,0.8333333283662796,111111000100
cnear_s2_i0.001_pABABAB_ppc2,near,0.23051590558183802,0.8333333134651184,111101000000
cnear_s2_i0.001_pABABAB_ppc2,near,0.22702451321211728,0.6666666567325592,101000111111
cnear_s2_i0.001_pABABAB_ppc2,near,0.2144126731648364,0.666666641831398,101111000100
cnear_s2_i0.001_pABABAB_ppc2,near,0.18603781439147002,0.5000000149011612,111100001000
cnear_s2_i0.001_pABABAB_ppc2,near,0.3143033672531601,1.0,111111000000
cnear_s2_i0.001_pABABAB_ppc2,near,0.18612539450722662,0.5000000149011612,111100001000
cnear_s2_i0.001_pABABAB_ppc2,near,0.2155176569781774,0.666666641831398,101111000100
cnear_s2_i0.001_pABABAB_ppc3,near,0.43742639378895265,1.0,000000111111
cnear_s2_i0.001_pABABAB_ppc3,near,0.43382364188213474,0.8333333134651184,000000111011
cnear_s2_i0.001_pABABAB_ppc3,near,0.3934492977407689,0.6666666865348816,000000111100
cnear_s2_i0.001_pABABAB_ppc3,near,0.35488918028198757,0.666666641831398,100000111011
cnear_s2_i0.001_pABABAB_ppc3,near,0.43758687413512515,1.0,000000111111
cnear_s2_i0.001_pABABAB_ppc3,near,0.3941128715944405,0.6666666865348816,000000111100
cnear_s2_i0.001_pABABAB_ppc3,near,0.3549784621940209,0.666666641831398,100000111011
cnear_s2_i0.001_pABABAB_ppc3,near,0.4381444146068623,1.0,000000111111
cnear_s2_i0.001_pABABAB_ppc3,near,0.43762911924232656,0.8333333134651184,000000111011
cnear_s2_i0.001_pABABAB_ppc3,near,0.3952252325888437,0.6666666865348816,000000111100
cnear_s2_i0.001_pABABAB_ppc3,near,0.36034744731508767,0.666666641831398,100000111011
cnear_s2_i0.001_pABABAB_ppc3,near,0.4388210425547396,1.0,000000111111
cnear_s2_i0.001_pABABAB_ppc3,near,0.3955251185850312,0.6666666865348816,000000111100
cnear_s2_i0.001_pABABAB_ppc3,near,0.36102872611238407,0.666666641831398,100000111011
cnear_s2_i0.001_pABABAB_ppc3,near,0.43897150018109155,1.0,000000111111
cnear_s2_i0.001_pABABAB_ppc3,near,0.3957027110199516,0.6666666865348816,000000111100
cnear_s2_i0.001_pABABAB_ppc3,near,0.3612109490885184,0.666666641831398,100000111011
cnear_s2_i0.001_pABABAB_ppc3,near,0.4390911457272103,1.0,000000111111
cnear_s2_i0.001_pABABAB_ppc3,near,0.3964086560604091,0.6666666865348816,000000111100
cnear_s2_i0.001_pABABAB_ppc3,near,0.3616840759722086,0.666666641831398,100000111011
cnear_s2_i0.001_pABABAB_ppc3,near,0.43913208670341053,1.0,000000111111
cnear_s2_i0.001_pABABAB_ppc3,near,0.39645214065766105,0.6666666865348816,000000111100
cnear_s2_i0.001_pABABAB_ppc3,near,0.36254054651810574,0.666666641831398,100000111011
cnear_s2_i0.001_pABABAB_ppc3,near,0.43954701846143085,1.0,000000111111
cnear_s2_i0.001_pABABAB_ppc3,near,0.39714019959792496,0.6666666865348816,000000111100
cnear_s2_i0.001_pABABAB_ppc3,near,0.36255977004766465,0.666666641831398,100000111011
cnear_s2_i0.001_pABABAB_ppc3,near,0.439600652968511,1.0,000000111111
cnear_s2_i0.001_pABABAB_ppc3,near,0.39793649446219204,0.6666666865348816,000000111100
cnear_s2_i0.001_pABABAB_ppc3,near,0.3626602090322054,0.666666641831398,100000111011
cnear_s2_i0.001_pABABAB_ppc3,near,0.4399191227669899,1.0,000000111111
cnear_s2_i0.001_pABABAB_ppc3,near,0.4396439125116628,0.8333333134651184,000000111011
cnear_s2_i0.001_pABABAB_ppc3,near,0.39826703276843406,0.6666666865348816,000000111100
cnear_s2_i0.001_pABABAB_ppc3,near,0.36396762172763164,0.666666641831398,100000111011
cnear_s2_i0.001_pABABAB_ppc3,near,0.4401336154040809,1.0,000000111111
cnear_s2_i0.001_pABABAB_ppc3,near,0.3983098747925116,0.6666666865348816,000000111100
cnear_s2_i0.001_pABABAB_ppc3,near,0.3661200515925884,0.666666641831398,100000111011
cnear_s2_i0.001_pABABAB_ppc3,near,0.44023975629646045,1.0,000000111111
cnear_s2_i0.001_pABABAB_ppc3,near,0.3989642581400963,0.6666666865348816,000000111100
cnear_s2_i0.001_pABABAB_ppc3,near,0.36653432433421795,0.666666641831398,100000111011
cnear_s2_i0.001_pABABAB_ppc3,near,0.4403388557382501,1.0,000000111111
cnear_s2_i0.001_pABABAB_ppc3,near,0.39909589921410843,0.6666666865348816,000000111100
cnear_s2_i0.001_pABABAB_ppc3,near,0.36872694846242665,0.5000000149011612,011011000100
cnear_s2_i0.001_pABABAB_ppc3,near,0.3671177283932383,0.1666666567325592,100010110100
cnear_s2_i0.001_pABABAB_ppc3,near,0.4407450020671464,1.0,000000111111
cnear_s2_i0.001_pABABABAB_ppc2,near,0.31984551606804196,1.0,000000111111
cnear_s2_i0.001_pABABABAB_ppc2,near,0.20641132893747297,0.8333333283662796,100000111111
cnear_s2_i0.001_pABABABAB_ppc2,near,0.19255807490794566,0.4999999701976776,001010110111
cnear_s2_i0.001_pABABABAB_ppc2,near,0.3202772882349532,1.0,000000111111
cnear_s2_i0.001_pABABABAB_ppc2,near,0.2068946922583313,0.8333333283662796,100000111111
cnear_s2_i0.001_pABABABAB_ppc2,near,0.1931930223704669,0.4999999701976776,001010110111
cnear_s2_i0.001_pABABABAB_ppc2,near,0.3208094327710569,1.0,000000111111
cnear_s2_i0.001_pABABABAB_ppc2,near,0.20697237323198853,0.8333333283662796,100000111111
cnear_s2_i0.001_pABABABAB_ppc2,near,0.19340624533400969,0.4999999701976776,001010110111
cnear_s2_i0.001_pABABABAB_ppc2,near,0.32087469826741466,1.0,000000111111
cnear_s2_i0.001_pABABABAB_ppc2,near,0.20751993197562366,0.8333333283662796,100000111111
cnear_s2_i0.001_pABABABAB_ppc2,near,0.19390607874133978,0.4999999701976776,001010110111
cnear_s2_i0.001_pABABABAB_ppc2,near,0.3211801166180521,1.0,000000111111
cnear_s2_i0.001_pABABABAB_ppc2,near,0.20772194081981635,0.8333333283662796,100000111111
cnear_s2_i0.001_pABABABAB_ppc2,near,0.19393041358200896,0.4999999701976776,001010110111
cnear_s2_i0.001_pABABABAB_ppc2,near,0.3219807597262592,1.0,000000111111
cnear_s2_i0.001_pABABABAB_ppc2,near,0.20784875220651255,0.8333333283662796,100000111111
cnear_s2_i0.001_pABABABAB_ppc2,near,0.19403496734669495,0.4999999701976776,001010110111
cnear_s2_i0.001_pABABABAB_ppc2,near,0.322015436847919,1.0,000000111111
cnear_s2_i0.001_pABABABAB_ppc2,near,0.208011490903024,0.8333333283662796,100000111111
cnear_s2_i0.001_pABABABAB_ppc2,near,0.1942653140727559,0.4999999701976776,001010110111
cnear_s2_i0.001_pABABABAB_ppc2,near,0.32202746187625775,1.0,000000111111
cnear_s2_i0.001_pABABABAB_ppc2,near,0.20802652029770202,0.8333333283662796,100000111111
cnear_s2_i0.001_pABABABAB_ppc2,near,0.19432337743888511,0.4999999701976776,001010110111
cnear_s2_i0.001_pABABABAB_ppc2,near,0.3220757393503626,1.0,000000111111
cnear_s2_i0.001_pABABABAB_ppc2,near,0.20827849922252112,0.8333333283662796,100000111111
cnear_s2_i0.001_pABABABAB_ppc2,near,0.20822503495608166,0.5000000149011612,000100101110
cnear_s2_i0.001_pABABABAB_ppc2,near,0.1947798066900979,0.4999999701976776,001010110111
cnear_s2_i0.001_pABABABAB_ppc2,near,0.32222474311831695,1.0,000000111111
cnear_s2_i0.001_pABABABAB_ppc2,near,0.20834955181284198,0.8333333283662796,100000111111
cnear_s2_i0.001_pABABABAB_ppc2,near,0.19499539705956803,0.4999999701976776,001010110111
cnear_s2_i0.001_pABABABAB_ppc2,near,0.32228165503254097,1.0,000000111111
cnear_s2_i0.001_pABABABAB_ppc2,near,0.20840677182222234,0.8333333283662796,100000111111
cnear_s2_i0.001_pABABABAB_ppc2,near,0.19500708327917704,0.4999999701976776,001010110111
cnear_s2_i0.001_pABABABAB_ppc2,near,0.32258476586691265,1.0,000000111111
cnear_s2_i0.001_pABABABAB_ppc2,near,0.20892432043007736,0.8333333283662796,100000111111
cnear_s2_i0.001_pABABABAB_ppc2,near,0.19510273542255163,0.4999999701976776,001010110111
cnear_s2_i0.001_pABABABAB_ppc2,near,0.32266136369635834,1.0,000000111111
cnear_s2_i0.001_pABABABAB_ppc2,near,0.20896522941645876,0.8333333283662796,100000111111
cnear_s2_i0.001_pABABABAB_ppc2,near,0.1951128221678965,0.4999999701976776,001010110111
cnear_s2_i0.001_pABABABAB_ppc2,near,0.3228363013617566,1.0,000000111111
cnear_s2_i0.001_pABABABAB_ppc2,near,0.2091833288171168,0.8333333283662796,100000111111
cnear_s2_i0.001_pABABABAB_ppc2,near,0.19515767512072263,0.4999999701976776,001010110111
cnear_s2_i0.001_pABABABAB_ppc2,near,0.32288545485714387,1.0,000000111111
cnear_s2_i0.001_pABABABAB_ppc3,near,0.4922824278473854,1.0,000000111111
cnear_s2_i0.001_pABABABAB_ppc3,near,0.4358526419516353,0.8333333283662796,000001111111
cnear_s2_i0.001_pABABABAB_ppc3,near,0.4172434115718151,0.1666666716337204,010000010100
cnear_s2_i0.001_pABABABAB_ppc3,near,0.4138779040725752,0.0,000101000011
cnear_s2_i0.001_pABABABAB_ppc3,near,0.4936269746622306,1.0,000000111111
cnear_s2_i0.001_pABABABAB_ppc3,near,0.4368962442165176,0.8333333283662796,000001111111
cnear_s2_i0.001_pABABABAB_ppc3,near,0.4174993869730796,0.1666666716337204,010000010100
cnear_s2_i0.001_pABABABAB_ppc3,near,0.4155423438240742,0.0,000101000011
cnear_s2_i0.001_pABABABAB_ppc3,near,0.4947835000167633,1.0,000000111111
cnear_s2_i0.001_pABABABAB_ppc3,near,0.43693795972824867,0.8333333283662796,000001111111
cnear_s2_i0.001_pABABABAB_ppc3,near,0.41964309457047233,0.1666666716337204,010000010100
cnear_s2_i0.001_pABABABAB_ppc3,near,0.4159734030735904,0.0,000101000011
cnear_s2_i0.001_pABABABAB_ppc3,near,0.4951938223521942,1.0,000000111111
cnear_s2_i0.001_pABABABAB_ppc3,near,0.43701255040500186,0.8333333283662796,000001111111
cnear_s2_i0.001_pABABABAB_ppc3,near,0.4200027919877535,0.1666666716337204,010000010100
cnear_s2_i0.001_pABABABAB_ppc3,near,0.4176182029661776,0.0,000101000011
cnear_s2_i0.001_pABABABAB_ppc3,near,0.49531609790892095,1.0,000000111111
cnear_s2_i0.001_pABABABAB_ppc3,near,0.43844490093660765,0.8333333283662796,000001111111
cnear_s2_i0.001_pABABABAB_ppc3,near,0.4209150084262264,0.1666666716337204,010000010100
cnear_s2_i0.001_pABABABAB_ppc3,near,0.4178388640284538,0.0,000101000011
cnear_s2_i0.001_pABABABAB_ppc3,near,0.49620145447980396,1.0,000000111111
cnear_s2_i0.001_pABABABAB_ppc3,near,0.4392655307170132,0.8333333283662796,000001111111
cnear_s2_i0.001_pABABABAB_ppc3,near,0.421490252531808,0.1666666716337204,010000010100
cnear_s2_i0.001_pABABABAB_ppc3,near,0.41802359098333053,0.0,000101000011
cnear_s2_i0.001_pABABABAB_ppc3,near,0.49623784241962365,1.0,000000111111
cnear_s2_i0.001_pABABABAB_ppc3,near,0.43979473414177866,0.8333333283662796,000001111111
cnear_s2_i0.001_pABABABAB_ppc3,near,0.42167635638823453,0.1666666716337204,010000010100
cnear_s2_i0.001_pABABABAB_ppc3,near,0.41857530407864474,0.0,000101000011
cnear_s2_i0.001_pABABABAB_ppc3,near,0.4966653960103961,1.0,000000111111
cnear_s2_i0.001_pABABABAB_ppc3,near,0.44064431286807676,0.8333333283662796,000001111111
cnear_s2_i0.001_pABABABAB_ppc3,near,0.42214032472378904,0.1666666716337204,010000010100
cnear_s2_i0.001_pABABABAB_ppc3,near,0.41899644309419326,0.0,000101000011
cnear_s2_i0.001_pABABABAB_ppc3,near,0.4974000843391679,1.0,000000111111
cnear_s2_i0.001_pABABABAB_ppc3,near,0.4409266933733557,0.8333333283662796,000001111111
cnear_s2_i0.001_pABABABAB_ppc3,near,0.44086173744122875,0.5,101010111111
cnear_s2_i0.001_pABABABAB_ppc3,near,0.42286265791318883,0.1666666716337204,010000010100
cnear_s2_i0.001_pABABABAB_ppc3,near,0.4192111183000707,0.0,000101000011
cnear_s2_i0.001_pABABABAB_ppc3,near,0.49741556277049,1.0,000000111111
cnear_s2_i0.001_pABABABAB_ppc3,near,0.4409999629461217,0.8333333283662796,000001111111
cnear_s2_i0.001_pABABABAB_ppc3,near,0.4242112072848383,0.1666666716337204,010000010100
cnear_s2_i0.001_pABABABAB_ppc3,near,0.4194879459067323,0.0,000101000011
cnear_s2_i0.001_pABABABAB_ppc3,near,0.4975894779480737,1.0,000000111111
cnear_s2_i0.001_pABABABAB_ppc3,near,0.419626835519555,0.0,000101000011
cnear_s2_i0.001_pABABABAB_ppc3,near,0.4410109739903168,0.8333333283662796,000001111111
cnear_s2_i2.0_pABABAB_ppc2,near,0.294826731371524,1.0,111111000000
cnear_s2_i2.0_pABABAB_ppc2,near,0.21536193117076022,0.8333333283662796,111111000100
cnear_s2_i2.0_pABABAB_ppc2,near,0.2038332025139508,0.6666666865348816,001111000000
cnear_s2_i2.0_pABABAB_ppc2,near,0.20198273285165091,0.666666641831398,101111000100
cnear_s2_i2.0_pABABAB_ppc2,near,0.17896244454922536,0.4999999701976776,111110010100
cnear_s2_i2.0_pABABAB_ppc2,near,0.2954154569359327,1.0,111111000000
cnear_s2_i2.0_pABABAB_ppc2,near,0.2162005826830864,0.8333333283662796,111111000100
cnear_s2_i2.0_pABABAB_ppc2,near,0.20954625404820862,0.6666666865348816,001111000000
cnear_s2_i2.0_pABABAB_ppc2,near,0.20378716750366782,0.666666641831398,101111000100
cnear_s2_i2.0_pABABAB_ppc2,near,0.18265860726718197,0.4999999701976776,111110010100
cnear_s2_i2.0_pABABAB_ppc2,near,0.3011005673218857,1.0,111111000000
cnear_s2_i2.0_pABABAB_ppc2,near,0.21634252103236082,0.8333333283662796,111111000100
cnear_s2_i2.0_pABABAB_ppc2,near,0.21041342268951915,0.6666666865348816,001111000000
cnear_s2_i2.0_pABABAB_ppc2,near,0.2049774969425264,0.666666641831398,101111000100
cnear_s2_i2.0_pABABAB_ppc2,near,0.18284226275070317,0.4999999701976776,111110010100
cnear_s2_i2.0_pABABAB_ppc2,near,0.30146175767533184,1.0,111111000000
cnear_s2_i2.0_pABABAB_ppc2,near,0.21650999544230712,0.8333333283662796,111111000100
cnear_s2_i2.0_pABABAB_ppc2,near,0.2136523360809819,0.6666666865348816,001111000000
cnear_s2_i2.0_pABABAB_ppc2,near,0.20546318205015268,0.666666641831398,101111000100
cnear_s2_i2.0_pABABAB_ppc2,near,0.18311771091281448,0.4999999701976776,111110010100
cnear_s2_i2.0_pABABAB_ppc2,near,0.30244190807041543,1.0,111111000000
cnear_s2_i2.0_pABABAB_ppc2,near,0.21786643313614398,0.8333333283662796,111111000100
cnear_s2_i2.0_pABABAB_ppc2,near,0.21423826258714226,0.6666666865348816,001111000000
cnear_s2_i2.0_pABABAB_ppc2,near,0.20549178923035719,0.666666641831398,101111000100
cnear_s2_i2.0_pABABAB_ppc2,near,0.18597149636744606,0.4999999701976776,111110010100
cnear_s2_i2.0_pABABAB_ppc2,near,0.18352017307188362,0.0,101010011100
cnear_s2_i2.0_pABABAB_ppc2,near,0.30289170948195865,1.0,111111000000
cnear_s2_i2.0_pABABAB_ppc2,near,0.21787594139194963,0.8333333283662796,111111000100
cnear_s2_i2.0_pABABAB_ppc2,near,0.21432383002882655,0.6666666865348816,001111000000
cnear_s2_i2.0_pABABAB_ppc2,near,0.20563242097903806,0.666666641831398,101111000100
cnear_s2_i2.0_pABABAB_ppc2,near,0.18643937251445922,0.4999999701976776,111110010100
cnear_s2_i2.0_pABABAB_ppc2,near,0.303943378283293,1.0,111111000000
cnear_s2_i2.0_pABABAB_ppc2,near,0.21833917929325253,0.8333333283662796,111111000100
cnear_s2_i2.0_pABABAB_ppc2,near,0.21549965625242543,0.6666666865348816,001111000000
cnear_s2_i2.0_pABABAB_ppc2,near,0.20673158473271708,0.666666641831398,101111000100
cnear_s2_i2.0_pABABAB_ppc2,near,0.18778025351771663,0.4999999701976776,111110010100
cnear_s2_i2.0_pABABAB_ppc2,near,0.30406620737630874,1.0,111111000000
cnear_s2_i2.0_pABABAB_ppc2,near,0.22023273511281746,0.8333333283662796,111111000100
cnear_s2_i2.0_pABABAB_ppc2,near,0.2161643243691122,0.6666666865348816,001111000000
cnear_s2_i2.0_pABABAB_ppc2,near,0.20787965232210065,0.666666641831398,101111000100
cnear_s2_i2.0_pABABAB_ppc2,near,0.18815612036533738,0.4999999701976776,111110010100
cnear_s2_i2.0_pABABAB_ppc2,near,0.30428109961477195,1.0,111111000000
cnear_s2_i2.0_pABABAB_ppc2,near,0.18839377402962948,0.4999999701976776,111110010100
cnear_s2_i2.0_pABABAB_ppc2,near,0.22038148578510366,0.8333333283662796,111111000100
cnear_s2_i2.0_pABABAB_ppc3,near,0.5963426791131496,1.0,111111000000
cnear_s2_i2.0_pABABAB_ppc3,near,0.4399440054136973,0.8333333283662796,111111100000
cnear_s2_i2.0_pABABAB_ppc3,near,0.4003903384392078,0.8333333134651184,110111000000
cnear_s2_i2.0_pABABAB_ppc3,near,0.3782255806028843,0.666666641831398,111011000100
cnear_s2_i2.0_pABABAB_ppc3,near,0.37064004256748234,0.3333333283662796,100011001000
cnear_s2_i2.0_pABABAB_ppc3,near,0.36020955118135767,0.1666666865348816,101010101101
cnear_s2_i2.0_pABABAB_ppc3,near,0.3538661909791139,0.1666666567325592,100010110100
cnear_s2_i2.0_pABABAB_ppc3,near,0.6030640605837106,1.0,111111000000
cnear_s2_i2.0_pABABAB_ppc3,near,0.45715095068399725,0.8333333283662796,111111001000
cnear_s2_i2.0_pABABAB_ppc3,near,0.40729096623567435,0.8333333134651184,110111000000
cnear_s2_i2.0_pABABAB_ppc3,near,0.3797477866594608,0.666666641831398,111011000100
cnear_s2_i2.0_pABABAB_ppc3,near,0.3717462966720072,0.3333333283662796,100011001000
cnear_s2_i2.0_pABABAB_ppc3,near,0.36224474637554244,0.1666666865348816,101010101101
cnear_s2_i2.0_pABABAB_ppc3,near,0.35580556149093007,0.1666666567325592,100010110100
cnear_s2_i2.0_pABABAB_ppc3,near,0.6089819635909337,1.0,111111000000
cnear_s2_i2.0_pABABAB_ppc3,near,0.45764921112702445,0.8333333283662796,111111001000
cnear_s2_i2.0_pABABAB_ppc3,near,0.4078738122032239,0.8333333134651184,110111000000
cnear_s2_i2.0_pABABAB_ppc3,near,0.38311329117188087,0.666666641831398,111011000100
cnear_s2_i2.0_pABABAB_ppc3,near,0.3769779613384834,0.3333333283662796,100011001000
cnear_s2_i2.0_pABABAB_ppc3,near,0.3630280964076519,0.1666666865348816,101010101101
cnear_s2_i2.0_pABABAB_ppc3,near,0.3572047491486256,0.1666666567325592,100010110100
cnear_s2_i2.0_pABABAB_ppc3,near,0.6091008177743509,1.0,111111000000
cnear_s2_i2.0_pABABAB_ppc3,near,0.4580028758599208,0.8333333283662796,111111000100
cnear_s2_i2.0_pABABAB_ppc3,near,0.41333279747229357,0.8333333134651184,110111000000
cnear_s2_i2.0_pABABAB_ppc3,near,0.3841730681176369,0.666666641831398,111011000100
cnear_s2_i2.0_pABABAB_ppc3,near,0.37785315158275457,0.3333333283662796,100011001000
cnear_s2_i2.0_pABABAB_ppc3,near,0.364372859408076,0.1666666865348816,101010101101
cnear_s2_i2.0_pABABAB_ppc3,near,0.3600846526427911,0.1666666567325592,100010110100
cnear_s2_i2.0_pABABAB_ppc3,near,0.6108891190244601,1.0,111111000000
cnear_s2_i2.0_pABABAB_ppc3,near,0.4609847167076973,0.8333333283662796,111111000010
cnear_s2_i2.0_pABABAB_ppc3,near,0.41553364441945,0.8333333134651184,110111000000
cnear_s2_i2.0_pABABAB_ppc3,near,0.3863023332105233,0.666666641831398,111011000100
cnear_s2_i2.0_pABABAB_ppc3,near,0.38025756573591096,0.3333333283662796,100011001000
cnear_s2_i2.0_pABABAB_ppc3,near,0.37075758745463994,0.1666666865348816,101010101101
cnear_s2_i2.0_pABABAB_ppc3,near,0.36416609020760426,0.1666666567325592,100010110100
cnear_s2_i2.0_pABABAB_ppc3,near,0.6136149962361043,1.0,111111000000
cnear_s2_i2.0_pABABAB_ppc3,near,0.46203348487615586,0.8333333283662796,111111000010
cnear_s2_i2.0_pABABAB_ppc3,near,0.4165816496197994,0.8333333134651184,101111000000
cnear_s2_i2.0_pABABAB_ppc3,near,0.3868128934158729,0.666666641831398,111011000100
cnear_s2_i2.0_pABABAB_ppc3,near,0.3802892241053856,0.3333333283662796,100011001000
cnear_s2_i2.0_pABABAB_ppc3,near,0.37209897287763083,0.1666666865348816,101010101101
cnear_s2_i2.0_pABABAB_ppc3,near,0.3644032787818175,0.1666666567325592,100010110100
cnear_s2_i2.0_pABABAB_ppc3,near,0.6182269661472394,1.0,111111000000
cnear_s2_i2.0_pABABAB_ppc3,near,0.3649856890909947,0.1666666567325592,100010110100
cnear_s2_i2.0_pABABABAB_ppc2,near,0.32167299695569895,1.0,000000111111
cnear_s2_i2.0_pABABABAB_ppc2,near,0.20959376472305377,0.8333333283662796,100000111111
cnear_s2_i2.0_pABABABAB_ppc2,near,0.20663088508319624,0.1666666865348816,111010101010
cnear_s2_i2.0_pABABABAB_ppc2,near,0.32253686643751533,1.0,000000111111
cnear_s2_i2.0_pABABABAB_ppc2,near,0.2106081356278396,0.8333333283662796,100000111111
cnear_s2_i2.0_pABABABAB_ppc2,near,0.3240318545140326,1.0,000000111111
cnear_s2_i2.0_pABABABAB_ppc2,near,0.21126404507005395,0.8333333283662796,100000111111
cnear_s2_i2.0_pABABABAB_ppc2,near,0.3251977817813769,1.0,000000111111
cnear_s2_i2.0_pABABABAB_ppc2,near,0.2131108288966312,0.8333333283662796,100000111111
cnear_s2_i2.0_pABABABAB_ppc2,near,0.32732102331998436,1.0,000000111111
cnear_s2_i2.0_pABABABAB_ppc2,near,0.21363233970698964,0.8333333283662796,100000111111
cnear_s2_i2.0_pABABABAB_ppc2,near,0.32739687692936,1.0,000000111111
cnear_s2_i2.0_pABABABAB_ppc2,near,0.21470239249174483,0.8333333283662796,100000111111
cnear_s2_i2.0_pABABABAB_ppc2,near,0.3275152401805952,1.0,000000111111
cnear_s2_i2.0_pABABABAB_ppc2,near,0.21596802024829104,0.8333333283662796,100000111111
cnear_s2_i2.0_pABABABAB_ppc2,near,0.3277394225838963,1.0,000000111111
cnear_s2_i2.0_pABABABAB_ppc2,near,0.2160874910046475,0.8333333283662796,100000111111
cnear_s2_i2.0_pABABABAB_ppc2,near,0.32801973706528803,1.0,000000111111
cnear_s2_i2.0_pABABABAB_ppc2,near,0.21644465433251,0.8333333283662796,100000111111
cnear_s2_i2.0_pABABABAB_ppc2,near,0.32804654504509706,1.0,000000111111
cnear_s2_i2.0_pABABABAB_ppc2,near,0.21647773993378183,0.8333333283662796,100000111111
cnear_s2_i2.0_pABABABAB_ppc2,near,0.32834941387208627,1.0,000000111111
cnear_s2_i2.0_pABABABAB_ppc2,near,0.21657786363382533,0.8333333283662796,100000111111
cnear_s2_i2.0_pABABABAB_ppc2,near,0.3287935069609626,1.0,000000111111
cnear_s2_i2.0_pABABABAB_ppc2,near,0.21666711314926565,0.8333333283662796,100000111111
cnear_s2_i2.0_pABABABAB_ppc2,near,0.3291524218491696,1.0,000000111111
cnear_s2_i2.0_pABABABAB_ppc2,near,0.2172789097603527,0.8333333283662796,100000111111
cnear_s2_i2.0_pABABABAB_ppc2,near,0.32941156848943953,1.0,000000111111
cnear_s2_i2.0_pABABABAB_ppc2,near,0.2174292071923164,0.8333333283662796,100000111111
cnear_s2_i2.0_pABABABAB_ppc2,near,0.32944926662884394,1.0,000000111111
cnear_s2_i2.0_pABABABAB_ppc2,near,0.21748108530401028,0.8333333283662796,100000111111
cnear_s2_i2.0_pABABABAB_ppc2,near,0.32971709498188234,1.0,000000111111
cnear_s2_i2.0_pABABABAB_ppc2,near,0.21821768467659772,0.8333333283662796,100000111111
cnear_s2_i2.0_pABABABAB_ppc2,near,0.3299075512793557,1.0,000000111111
cnear_s2_i2.0_pABABABAB_ppc2,near,0.21841958703087835,0.8333333283662796,100000111111
cnear_s2_i2.0_pABABABAB_ppc2,near,0.3299375319981883,1.0,000000111111
cnear_s2_i2.0_pABABABAB_ppc2,near,0.21853556058064488,0.8333333283662796,100000111111
cnear_s2_i2.0_pABABABAB_ppc2,near,0.3304626363136902,1.0,000000111111
cnear_s2_i2.0_pABABABAB_ppc2,near,0.2185545758753694,0.8333333283662796,100000111111
cnear_s2_i2.0_pABABABAB_ppc2,near,0.3304955641706956,1.0,000000111111
cnear_s2_i2.0_pABABABAB_ppc2,near,0.2186355357467807,0.8333333283662796,100000111111
cnear_s2_i2.0_pABABABAB_ppc2,near,0.3307827076521413,1.0,000000111111
cnear_s2_i2.0_pABABABAB_ppc2,near,0.21896403565489012,0.8333333283662796,100000111111
cnear_s2_i2.0_pABABABAB_ppc2,near,0.33417898650955535,1.0,000000111111
cnear_s2_i2.0_pABABABAB_ppc3,near,0.5037682254252762,1.0,000000111111
cnear_s2_i2.0_pABABABAB_ppc3,near,0.44748918363160783,0.8333333283662796,000001111111
cnear_s2_i2.0_pABABABAB_ppc3,near,0.43273219522945156,0.6666666865348816,000000010111
cnear_s2_i2.0_pABABABAB_ppc3,near,0.37781807137974377,0.4999999701976776,001100111011
cnear_s2_i2.0_pABABABAB_ppc3,near,0.5057547763846386,1.0,000000111111
cnear_s2_i2.0_pABABABAB_ppc3,near,0.4475114430333006,0.8333333283662796,000001111111
cnear_s2_i2.0_pABABABAB_ppc3,near,0.43771977140902724,0.6666666865348816,000000011011
cnear_s2_i2.0_pABABABAB_ppc3,near,0.38157652995024605,0.4999999701976776,001100111011
cnear_s2_i2.0_pABABABAB_ppc3,near,0.5058032174905142,1.0,000000111111
cnear_s2_i2.0_pABABABAB_ppc3,near,0.4480537442950767,0.8333333283662796,000001111111
cnear_s2_i2.0_pABABABAB_ppc3,near,0.444060522383186,0.6666666865348816,000000011011
cnear_s2_i2.0_pABABABAB_ppc3,near,0.43912480649506225,0.666666641831398,101111100000
cnear_s2_i2.0_pABABABAB_ppc3,near,0.38802446758952636,0.4999999701976776,001100111011
cnear_s2_i2.0_pABABABAB_ppc3,near,0.507095217704773,1.0,000000111111
cnear_s2_i2.0_pABABABAB_ppc3,near,0.4499332809970639,0.8333333283662796,000001111111
cnear_s2_i2.0_pABABABAB_ppc3,near,0.44415454560055817,0.6666666865348816,000000011011
cnear_s2_i2.0_pABABABAB_ppc3,near,0.4426334360614419,0.666666641831398,101111100000
cnear_s2_i2.0_pABABABAB_ppc3,near,0.38867262845066775,0.4999999701976776,001100111011
cnear_s2_i2.0_pABABABAB_ppc3,near,0.507793010687509,1.0,000000111111
cnear_s2_i2.0_pABABABAB_ppc3,near,0.4503542899485977,0.8333333283662796,000001111111
cnear_s2_i2.0_pABABABAB_ppc3,near,0.44418146291041166,0.6666666865348816,000000011011
cnear_s2_i2.0_pABABABAB_ppc3,near,0.39390672041081837,0.4999999701976776,001100111011
cnear_s2_i2.0_pABABABAB_ppc3,near,0.5095863239946722,1.0,000000111111
cnear_s2_i2.0_pABABABAB_ppc3,near,0.45043324636316845,0.8333333283662796,000001111111
cnear_s2_i2.0_pABABABAB_ppc3,near,0.4482400832997485,0.6666666865348816,000000010111
cnear_s2_i2.0_pABABABAB_ppc3,near,0.44669137068692294,0.666666641831398,101111100000
cnear_s2_i2.0_pABABABAB_ppc3,near,0.3965209771761264,0.4999999701976776,001100111011
cnear_s2_i2.0_pABABABAB_ppc3,near,0.5125849003443259,1.0,000000111111
cnear_s2_i2.0_pABABABAB_ppc3,near,0.4512108738437809,0.8333333283662796,000001111111
cnear_s2_i2.0_pABABABAB_ppc3,near,0.449103985452789,0.6666666865348816,000000010111
cnear_s2_i2.0_pABABABAB_ppc3,near,0.3966105091332019,0.4999999701976776,001100111011
cnear_s2_i2.0_pABABABAB_ppc3,near,0.5128449627744227,1.0,000000111111
cnear_s2_i2.0_pABABABAB_ppc3,near,0.45123872351458016,0.8333333283662796,000001111111
cnear_s2_i2.0_pABABABAB_ppc3,near,0.4497048416356931,0.666666641831398,101111100000
cnear_s2_i2.0_pABABABAB_ppc3,near,0.3987372074404667,0.4999999701976776,001100111011
cnear_s2_i2.0_pABABABAB_ppc3,near,0.5148465118702801,1.0,000000111111
cnear_s2_i2.0_pABABABAB_ppc3,near,0.45248309659889374,0.8333333283662796,000001111111
cnear_s2_i2.0_pABABABAB_ppc3,near,0.45174405720933264,0.6666666865348816,000000011011
cnear_s2_i2.0_pABABABAB_ppc3,near,0.3992868662736882,0.4999999701976776,001100111011
cnear_s2_i2.0_pABABABAB_ppc3,near,0.5161621835639422,1.0,000000111111
cnear_s2_i2.0_pABABABAB_ppc3,near,0.45273289649650966,0.8333333283662796,000001111111
cnear_s2_i2.0_pABABABAB_ppc3,near,0.451998523939615,0.6666666865348816,000000011011
cnear_s2_i2.0_pABABABAB_ppc3,near,0.4001272974171858,0.4999999701976776,001100111011
cnear_s2_i2.0_pABABABAB_ppc3,near,0.5183995065022389,1.0,000000111111
cnear_s3_i0.001_pABABAB_ppc2,near,0.5010799458673731,1.0,000000111111
cnear_s3_i0.001_pABABAB_ppc2,near,0.41018571742725646,0.8333333283662796,000001111111
cnear_s3_i0.001_pABABAB_ppc2,near,0.3646937196820297,0.8333333134651184,000000111101
cnear_s3_i0.001_pABABAB_ppc2,near,0.32682359718124976,0.666666641831398,000010011111
cnear_s3_i0.001_pABABAB_ppc2,near,0.5027429792098701,1.0,000000111111
cnear_s3_i0.001_pABABAB_ppc2,near,0.4106292454155416,0.8333333283662796,000001111111
cnear_s3_i0.001_pABABAB_ppc2,near,0.36643947483125056,0.8333333134651184,000000111101
cnear_s3_i0.001_pABABAB_ppc2,near,0.33160555754280224,0.666666641831398,000010011111
cnear_s3_i0.001_pABABAB_ppc2,near,0.5048515874130483,1.0,000000111111
cnear_s3_i0.001_pABABAB_ppc2,near,0.41090283169813285,0.8333333283662796,000001111111
cnear_s3_i0.001_pABABAB_ppc2,near,0.3676162889565934,0.8333333134651184,000000111101
cnear_s3_i0.001_pABABAB_ppc2,near,0.3324486461722038,0.666666641831398,000010011111
cnear_s3_i0.001_pABABAB_ppc2,near,0.5050356462809511,1.0,000000111111
cnear_s3_i0.001_pABABAB_ppc2,near,0.41101826341896824,0.8333333283662796,000001111111
cnear_s3_i0.001_pABABAB_ppc2,near,0.3686452761546455,0.8333333134651184,000000111101
cnear_s3_i0.001_pABABAB_ppc2,near,0.33248250086961145,0.666666641831398,000010011111
cnear_s3_i0.001_pABABAB_ppc2,near,0.5051126132126559,1.0,000000111111
cnear_s3_i0.001_pABABAB_ppc2,near,0.4117081606977577,0.8333333283662796,000001111111
cnear_s3_i0.001_pABABAB_ppc2,near,0.3693849194837226,0.8333333134651184,000000111101
cnear_s3_i0.001_pABABAB_ppc2,near,0.3325356003320353,0.666666641831398,000010011111
cnear_s3_i0.001_pABABAB_ppc2,near,0.5058306601660495,1.0,000000111111
cnear_s3_i0.001_pABABAB_ppc2,near,0.41191596644718875,0.8333333283662796,000001111111
cnear_s3_i0.001_pABABAB_ppc2,near,0.36964914041825314,0.8333333134651184,000000111101
cnear_s3_i0.001_pABABAB_ppc2,near,0.3338864805515517,0.666666641831398,000010011111
cnear_s3_i0.001_pABABAB_ppc2,near,0.5061555392616852,1.0,000000111111
cnear_s3_i0.001_pABABAB_ppc2,near,0.4122390804854645,0.8333333283662796,000001111111
cnear_s3_i0.001_pABABAB_ppc2,near,0.36973384505307133,0.8333333134651184,000000111101
cnear_s3_i0.001_pABABAB_ppc2,near,0.33441260880367324,0.666666641831398,000010011111
cnear_s3_i0.001_pABABAB_ppc2,near,0.5065827526109801,1.0,000000111111
cnear_s3_i0.001_pABABAB_ppc2,near,0.4134614887351001,0.8333333283662796,000001111111
cnear_s3_i0.001_pABABAB_ppc2,near,0.36980328611521557,0.8333333134651184,000000111101
cnear_s3_i0.001_pABABAB_ppc2,near,0.33514252719892695,0.666666641831398,000010011111
cnear_s3_i0.001_pABABAB_ppc2,near,0.5069883271882479,1.0,000000111111
cnear_s3_i0.001_pABABAB_ppc2,near,0.4137458349710373,0.8333333283662796,000001111111
cnear_s3_i0.001_pABABAB_ppc2,near,0.3698608936657282,0.8333333134651184,000000111101
cnear_s3_i0.001_pABABAB_ppc2,near,0.33655675079419534,0.666666641831398,000010011111
cnear_s3_i0.001_pABABAB_ppc2,near,0.507555579914796,1.0,000000111111
cnear_s3_i0.001_pABABAB_ppc2,near,0.41399306031367317,0.8333333283662796,000001111111
cnear_s3_i0.001_pABABAB_ppc2,near,0.3710325586355545,0.8333333134651184,000000111101
cnear_s3_i0.001_pABABAB_ppc2,near,0.33760658880187705,0.666666641831398,000010011111
cnear_s3_i0.001_pABABAB_ppc2,near,0.5096729560755193,1.0,000000111111
cnear_s3_i0.001_pABABAB_ppc2,near,0.4140284914967858,0.8333333283662796,000001111111
cnear_s3_i0.001_pABABAB_ppc2,near,0.37181065731089225,0.8333333134651184,000000111101
cnear_s3_i0.001_pABABAB_ppc2,near,0.33992702094838023,0.666666641831398,000010011111
cnear_s3_i0.001_pABABAB_ppc3,near,0.6246009631798818,1.0,000000111111
cnear_s3_i0.001_pABABAB_ppc3,near,0.6178236093658668,0.8333333283662796,010000111111
cnear_s3_i0.001_pABABAB_ppc3,near,0.5802973700257448,0.8333333134651184,000000011111
cnear_s3_i0.001_pABABAB_ppc3,near,0.5253868045715185,0.6666666865348816,000000010111
cnear_s3_i0.001_pABABAB_ppc3,near,0.5212070483427781,0.666666641831398,010000111110
cnear_s3_i0.001_pABABAB_ppc3,near,0.5149256602216226,0.5000000149011612,001000010111
cnear_s3_i0.001_pABABAB_ppc3,near,0.5035690245720056,0.4999999701976776,011000111011
cnear_s3_i0.001_pABABAB_ppc3,near,0.4859708584845066,0.1666666865348816,001011010111
cnear_s3_i0.001_pABABAB_ppc3,near,0.45648365891896764,0.0,001011001110
cnear_s3_i0.001_pABABAB_ppc3,near,0.624609623505519,1.0,000000111111
cnear_s3_i0.001_pABABAB_ppc3,near,0.6187405006243633,0.8333333283662796,010000111111
cnear_s3_i0.001_pABABAB_ppc3,near,0.5810324271137898,0.8333333134651184,000000011111
cnear_s3_i0.001_pABABAB_ppc3,near,0.527478473346967,0.6666666865348816,000000010111
cnear_s3_i0.001_pABABAB_ppc3,near,0.5222878832656603,0.666666641831398,010000111110
cnear_s3_i0.001_pABABAB_ppc3,near,0.5163482753416666,0.5000000149011612,001000010111
cnear_s3_i0.001_pABABAB_ppc3,near,0.503778603214484,0.4999999701976776,011000111011
cnear_s3_i0.001_pABABAB_ppc3,near,0.49206323449571543,0.1666666865348816,001011010111
cnear_s3_i0.001_pABABAB_ppc3,near,0.4783072440670087,0.0,001011101001
cnear_s3_i0.001_pABABAB_ppc3,near,0.6259161813901021,1.0,000000111111
cnear_s3_i0.001_pABABAB_ppc3,near,0.6190919518470764,0.8333333283662796,010000111111
cnear_s3_i0.001_pABABAB_ppc3,near,0.5816608184805283,0.8333333134651184,000000011111
cnear_s3_i0.001_pABABAB_ppc3,near,0.5285022997512268,0.6666666865348816,000000010111
cnear_s3_i0.001_pABABAB_ppc3,near,0.5230654694426519,0.666666641831398,010000111110
cnear_s3_i0.001_pABABAB_ppc3,near,0.5205539795928277,0.5000000149011612,001000010111
cnear_s3_i0.001_pABABAB_ppc3,near,0.5042004690147364,0.4999999701976776,011000111011
cnear_s3_i0.001_pABABAB_ppc3,near,0.4942195886029647,0.1666666865348816,001011010111
cnear_s3_i0.001_pABABAB_ppc3,near,0.48245685261029464,0.0,001011101001
cnear_s3_i0.001_pABABAB_ppc3,near,0.6262363916406265,1.0,000000111111
cnear_s3_i0.001_pABABAB_ppc3,near,0.6198204478392234,0.8333333283662796,010000111111
cnear_s3_i0.001_pABABAB_ppc3,near,0.581953004346444,0.8333333134651184,000000011111
cnear_s3_i0.001_pABABAB_ppc3,near,0.5303527031953518,0.6666666865348816,000000010111
cnear_s3_i0.001_pABABAB_ppc3,near,0.5259177298499987,0.666666641831398,001000110111
cnear_s3_i0.001_pABABAB_ppc3,near,0.5219807024758596,0.5000000149011612,001000010111
cnear_s3_i0.001_pABABAB_ppc3,near,0.5051559931956805,0.4999999701976776,011000111011
cnear_s3_i0.001_pABABAB_ppc3,near,0.4946821813041774,0.1666666865348816,001011010111
cnear_s3_i0.001_pABABAB_ppc3,near,0.48299337258705727,0.0,001011101001
cnear_s3_i0.001_pABABAB_ppc3,near,0.6279606045438693,1.0,000000111111
cnear_s3_i0.001_pABABAB_ppc3,near,0.6198343138282115,0.8333333283662796,010000111111
cnear_s3_i0.001_pABABAB_ppc3,near,0.5828790389574491,0.8333333134651184,000000011111
cnear_s3_i0.001_pABABAB_ppc3,near,0.5307286263085329,0.6666666865348816,000000010111
cnear_s3_i0.001_pABABAB_ppc3,near,0.5228319887358409,0.5000000149011612,001000010111
cnear_s3_i0.001_pABABAB_ppc3,near,0.5056136281444477,0.4999999701976776,011000111011
cnear_s3_i0.001_pABABAB_ppc3,near,0.49648900941873975,0.1666666865348816,001011010111
cnear_s3_i0.001_pABABAB_ppc3,near,0.48418047347894083,0.0,001011101001
cnear_s3_i0.001_pABABABAB_ppc2,near,0.4321231963594669,1.0,000000111111
cnear_s3_i0.001_pABABABAB_ppc2,near,0.4061625818079659,0.8333333283662796,100000111111
cnear_s3_i0.001_pABABABAB_ppc2,near,0.2986071150617449,0.8333333134651184,000000111011
cnear_s3_i0.001_pABABABAB_ppc2,near,0.43371028319836175,1.0,000000111111
cnear_s3_i0.001_pABABABAB_ppc2,near,0.4086978339172643,0.8333333283662796,100000111111
cnear_s3_i0.001_pABABABAB_ppc2,near,0.2993837210092822,0.8333333134651184,000000111011
cnear_s3_i0.001_pABABABAB_ppc2,near,0.4337181393478612,1.0,000000111111
cnear_s3_i0.001_pABABABAB_ppc2,near,0.41014016406803294,0.8333333283662796,100000111111
cnear_s3_i0.001_pABABABAB_ppc2,near,0.2998974674586046,0.8333333134651184,000000111011
cnear_s3_i0.001_pABABABAB_ppc2,near,0.43413275646864724,1.0,000000111111
cnear_s3_i0.001_pABABABAB_ppc2,near,0.4108024704719669,0.8333333283662796,100000111111
cnear_s3_i0.001_pABABABAB_ppc2,near,0.3000506299973369,0.8333333134651184,000000111011
cnear_s3_i0.001_pABABABAB_ppc2,near,0.4355773868537026,1.0,000000111111
cnear_s3_i0.001_pABABABAB_ppc2,near,0.41099863316349944,0.8333333283662796,100000111111
cnear_s3_i0.001_pABABABAB_ppc2,near,0.3001152630373514,0.8333333134651184,000000111011
cnear_s3_i0.001_pABABABAB_ppc2,near,0.4360671440512745,1.0,000000111111
cnear_s3_i0.001_pABABABAB_ppc2,near,0.4111048724373867,0.8333333283662796,100000111111
cnear_s3_i0.001_pABABABAB_ppc2,near,0.30119095848279137,0.8333333134651184,000000111011
cnear_s3_i0.001_pABABABAB_ppc2,near,0.4361351124966389,1.0,000000111111
cnear_s3_i0.001_pABABABAB_ppc2,near,0.41111762712484806,0.8333333283662796,100000111111
cnear_s3_i0.001_pABABABAB_ppc2,near,0.30131910624512437,0.8333333134651184,000000111011
cnear_s3_i0.001_pABABABAB_ppc2,near,0.4362160832548899,1.0,000000111111
cnear_s3_i0.001_pABABABAB_ppc2,near,0.4116499075537612,0.8333333283662796,100000111111
cnear_s3_i0.001_pABABABAB_ppc2,near,0.30150104569801095,0.8333333134651184,000000111011
cnear_s3_i0.001_pABABABAB_ppc2,near,0.4364642226779512,1.0,000000111111
cnear_s3_i0.001_pABABABAB_ppc2,near,0.41198149895102815,0.8333333283662796,100000111111
cnear_s3_i0.001_pABABABAB_ppc2,near,0.3024338178521279,0.8333333134651184,000000111011
cnear_s3_i0.001_pABABABAB_ppc2,near,0.4375153103811217,1.0,000000111111
cnear_s3_i0.001_pABABABAB_ppc2,near,0.4123682364628747,0.8333333283662796,100000111111
cnear_s3_i0.001_pABABABAB_ppc2,near,0.30243989656797754,0.8333333134651184,000000111011
cnear_s3_i0.001_pABABABAB_ppc2,near,0.4376330665344822,1.0,000000111111
cnear_s3_i0.001_pABABABAB_ppc2,near,0.41286930913940584,0.8333333283662796,100000111111
cnear_s3_i0.001_pABABABAB_ppc2,near,0.30366696398062953,0.8333333134651184,000000111011
cnear_s3_i0.001_pABABABAB_ppc2,near,0.43788528087918227,1.0,000000111111
cnear_s3_i0.001_pABABABAB_ppc2,near,0.4131403130093782,0.8333333283662796,100000111111
cnear_s3_i0.001_pABABABAB_ppc2,near,0.30367287655425224,0.8333333134651184,000000111011
cnear_s3_i0.001_pABABABAB_ppc2,near,0.43810050126068806,1.0,000000111111
cnear_s3_i0.001_pABABABAB_ppc2,near,0.41332854304848043,0.8333333283662796,100000111111
cnear_s3_i0.001_pABABABAB_ppc2,near,0.30377507944599375,0.8333333134651184,000000111011
cnear_s3_i0.001_pABABABAB_ppc2,near,0.4381845334930153,1.0,000000111111
cnear_s3_i0.001_pABABABAB_ppc2,near,0.4134221864735772,0.8333333283662796,100000111111
cnear_s3_i0.001_pABABABAB_ppc2,near,0.3038171950500892,0.8333333134651184,000000111011
cnear_s3_i0.001_pABABABAB_ppc2,near,0.43827281625347275,1.0,000000111111
cnear_s3_i0.001_pABABABAB_ppc2,near,0.3038253591509821,0.8333333134651184,000000111011
cnear_s3_i0.001_pABABABAB_ppc3,near,0.7085307241342533,1.0,000000111111
cnear_s3_i0.001_pABABABAB_ppc3,near,0.6199345050872057,0.8333333283662796,010000111111
cnear_s3_i0.001_pABABABAB_ppc3,near,0.6048189637133445,0.8333333134651184,000000111101
cnear_s3_i0.001_pABABABAB_ppc3,near,0.5977925806595333,0.6666666865348816,000000111010
cnear_s3_i0.001_pABABABAB_ppc3,near,0.5912475546329529,0.6666666567325592,010010111111
cnear_s3_i0.001_pABABABAB_ppc3,near,0.558748370164941,0.666666641831398,000100111101
cnear_s3_i0.001_pABABABAB_ppc3,near,0.5408946627686764,0.5000000149011612,000010010111
cnear_s3_i0.001_pABABABAB_ppc3,near,0.5250208657877199,0.0,110110011101
cnear_s3_i0.001_pABABABAB_ppc3,near,0.7097037765143932,1.0,000000111111
cnear_s3_i0.001_pABABABAB_ppc3,near,0.6224693792989884,0.8333333283662796,010000111111
cnear_s3_i0.001_pABABABAB_ppc3,near,0.6086281941368662,0.8333333134651184,000000111101
cnear_s3_i0.001_pABABABAB_ppc3,near,0.5984875269277,0.6666666865348816,000000111010
cnear_s3_i0.001_pABABABAB_ppc3,near,0.5954198143605528,0.6666666567325592,010010111111
cnear_s3_i0.001_pABABABAB_ppc3,near,0.5595781411119234,0.666666641831398,000100111101
cnear_s3_i0.001_pABABABAB_ppc3,near,0.5440614044495012,0.5000000149011612,000010010111
cnear_s3_i0.001_pABABABAB_ppc3,near,0.5432257048956964,0.3333333432674408,101110001001
cnear_s3_i0.001_pABABABAB_ppc3,near,0.5263308854452495,0.0,110110011101
cnear_s3_i0.001_pABABABAB_ppc3,near,0.7109966288995127,1.0,000000111111
cnear_s3_i0.001_pABABABAB_ppc3,near,0.6261397599317562,0.8333333283662796,010000111111
cnear_s3_i0.001_pABABABAB_ppc3,near,0.611252725209998,0.8333333134651184,000000111101
cnear_s3_i0.001_pABABABAB_ppc3,near,0.6020070666597149,0.6666666865348816,000000111010
cnear_s3_i0.001_pABABABAB_ppc3,near,0.5962315176495876,0.6666666567325592,010010111111
cnear_s3_i0.001_pABABABAB_ppc3,near,0.5599435860312533,0.666666641831398,000100111101
cnear_s3_i0.001_pABABABAB_ppc3,near,0.5451921872880267,0.5000000149011612,010000110101
cnear_s3_i0.001_pABABABAB_ppc3,near,0.528947704937309,0.0,101110010111
cnear_s3_i0.001_pABABABAB_ppc3,near,0.7114714589184044,1.0,000000111111
cnear_s3_i0.001_pABABABAB_ppc3,near,0.6262524374600115,0.8333333283662796,010000111111
cnear_s3_i0.001_pABABABAB_ppc3,near,0.6125285216960413,0.8333333134651184,000000111101
cnear_s3_i0.001_pABABABAB_ppc3,near,0.6068635049393807,0.6666666865348816,000000111010
cnear_s3_i0.001_pABABABAB_ppc3,near,0.5966490194115831,0.6666666567325592,010010111111
cnear_s3_i0.001_pABABABAB_ppc3,near,0.56006160461954,0.666666641831398,000100111101
cnear_s3_i0.001_pABABABAB_ppc3,near,0.5452041803248997,0.5000000149011612,000010010111
cnear_s3_i0.001_pABABABAB_ppc3,near,0.5298655510183569,0.0,101110010111
cnear_s3_i0.001_pABABABAB_ppc3,near,0.7118770919483284,1.0,000000111111
cnear_s3_i0.001_pABABABAB_ppc3,near,0.6265112356892948,0.8333333283662796,010000111111
cnear_s3_i0.001_pABABABAB_ppc3,near,0.614091432385746,0.8333333134651184,000000111101
cnear_s3_i0.001_pABABABAB_ppc3,near,0.6080768817885854,0.6666666865348816,000000111010
cnear_s3_i0.001_pABABABAB_ppc3,near,0.5970777092908306,0.6666666567325592,010010111111
cnear_s3_i0.001_pABABABAB_ppc3,near,0.5606693203250567,0.666666641831398,000100111101
cnear_s3_i0.001_pABABABAB_ppc3,near,0.5480510764594736,0.5000000149011612,000010010111
cnear_s3_i0.001_pABABABAB_ppc3,near,0.5461653560913843,0.3333333432674408,101110001001
cnear_s3_i0.001_pABABABAB_ppc3,near,0.5308794068039098,0.0,101110010111
cnear_s3_i0.001_pABABABAB_ppc3,near,0.7121334620590868,1.0,000000111111
cnear_s3_i0.001_pABABABAB_ppc3,near,0.5372366141072935,0.0,101110010111
cnear_s3_i2.0_pABABAB_ppc2,near,0.4797932781194421,1.0,000000111111
cnear_s3_i2.0_pABABAB_ppc2,near,0.4044060432775454,0.8333333283662796,000001111111
cnear_s3_i2.0_pABABAB_ppc2,near,0.3654257631331513,0.8333333134651184,000000111101
cnear_s3_i2.0_pABABAB_ppc2,near,0.2960447688544925,0.666666641831398,000010011111
cnear_s3_i2.0_pABABAB_ppc2,near,0.48118578088046476,1.0,000000111111
cnear_s3_i2.0_pABABAB_ppc2,near,0.4078906094681853,0.8333333283662796,000001111111
cnear_s3_i2.0_pABABAB_ppc2,near,0.37197439156642015,0.8333333134651184,000000111101
cnear_s3_i2.0_pABABAB_ppc2,near,0.29646676508392295,0.666666641831398,000010011111
cnear_s3_i2.0_pABABAB_ppc2,near,0.4835721464319663,1.0,000000111111
cnear_s3_i2.0_pABABAB_ppc2,near,0.4084924123440446,0.8333333283662796,000001111111
cnear_s3_i2.0_pABABAB_ppc2,near,0.3739276611965827,0.8333333134651184,000000111101
cnear_s3_i2.0_pABABAB_ppc2,near,0.29991956072097475,0.666666641831398,000010011111
cnear_s3_i2.0_pABABAB_ppc2,near,0.4837695166299289,1.0,000000111111
cnear_s3_i2.0_pABABAB_ppc2,near,0.40977030829526484,0.8333333283662796,000001111111
cnear_s3_i2.0_pABABAB_ppc2,near,0.3751973733305931,0.8333333134651184,000000111101
cnear_s3_i2.0_pABABAB_ppc2,near,0.2999213107290085,0.666666641831398,000010011111
cnear_s3_i2.0_pABABAB_ppc2,near,0.48452692322263663,1.0,000000111111
cnear_s3_i2.0_pABABAB_ppc2,near,0.4109123834727639,0.8333333283662796,010000111111
cnear_s3_i2.0_pABABAB_ppc2,near,0.3782951847904108,0.8333333134651184,000000111101
cnear_s3_i2.0_pABABAB_ppc2,near,0.3028182416244156,0.666666641831398,000010011111
cnear_s3_i2.0_pABABAB_ppc2,near,0.48458719583736226,1.0,000000111111
cnear_s3_i2.0_pABABAB_ppc2,near,0.4114687837692062,0.8333333283662796,010000111111
cnear_s3_i2.0_pABABAB_ppc2,near,0.37836845094253396,0.8333333134651184,000000111101
cnear_s3_i2.0_pABABAB_ppc2,near,0.30535983680535783,0.666666641831398,000010011111
cnear_s3_i2.0_pABABAB_ppc2,near,0.4848911920139058,1.0,000000111111
cnear_s3_i2.0_pABABAB_ppc2,near,0.41172419627863827,0.8333333283662796,000001111111
cnear_s3_i2.0_pABABAB_ppc2,near,0.3783990091601895,0.8333333134651184,000000111101
cnear_s3_i2.0_pABABAB_ppc2,near,0.30540455151772633,0.666666641831398,000010011111
cnear_s3_i2.0_pABABAB_ppc2,near,0.4849157237278467,1.0,000000111111
cnear_s3_i2.0_pABABAB_ppc2,near,0.41287170025647024,0.8333333283662796,000001111111
cnear_s3_i2.0_pABABAB_ppc2,near,0.37866445372558455,0.8333333134651184,000000111101
cnear_s3_i2.0_pABABAB_ppc2,near,0.3079031239533585,0.666666641831398,000010011111
cnear_s3_i2.0_pABABAB_ppc2,near,0.4849710567769679,1.0,000000111111
cnear_s3_i2.0_pABABAB_ppc2,near,0.41303507451349025,0.8333333283662796,010000111111
cnear_s3_i2.0_pABABAB_ppc2,near,0.37913346858377656,0.8333333134651184,000000111101
cnear_s3_i2.0_pABABAB_ppc2,near,0.3079436045690355,0.666666641831398,000010011111
cnear_s3_i2.0_pABABAB_ppc2,near,0.48675125735727226,1.0,000000111111
cnear_s3_i2.0_pABABAB_ppc2,near,0.414351072575135,0.8333333283662796,010000111111
cnear_s3_i2.0_pABABAB_ppc2,near,0.3794652409692803,0.8333333134651184,000000111101
cnear_s3_i2.0_pABABAB_ppc2,near,0.3109163161412157,0.666666641831398,000010011111
cnear_s3_i2.0_pABABAB_ppc2,near,0.4872960533777421,1.0,000000111111
cnear_s3_i2.0_pABABAB_ppc2,near,0.4161032641211271,0.8333333283662796,000001111111
cnear_s3_i2.0_pABABAB_ppc2,near,0.3838635274785867,0.8333333134651184,000000111101
cnear_s3_i2.0_pABABAB_ppc2,near,0.3168148038146848,0.666666641831398,000010011111
cnear_s3_i2.0_pABABAB_ppc3,near,0.6559444167293035,1.0,000000111111
cnear_s3_i2.0_pABABAB_ppc3,near,0.6151193498418881,0.8333333283662796,000100111111
cnear_s3_i2.0_pABABAB_ppc3,near,0.5771106495307042,0.8333333134651184,000000011111
cnear_s3_i2.0_pABABAB_ppc3,near,0.49713901287088025,0.6666666865348816,000000010111
cnear_s3_i2.0_pABABAB_ppc3,near,0.48038032885927423,0.4999999701976776,001001111110
cnear_s3_i2.0_pABABAB_ppc3,near,0.6559987674538906,1.0,000000111111
cnear_s3_i2.0_pABABAB_ppc3,near,0.616468230377023,0.8333333283662796,100000111111
cnear_s3_i2.0_pABABAB_ppc3,near,0.5799935176968575,0.8333333134651184,000000011111
cnear_s3_i2.0_pABABAB_ppc3,near,0.4982705456706194,0.6666666865348816,000000010111
cnear_s3_i2.0_pABABAB_ppc3,near,0.4939375706590139,0.4999999701976776,001001111110
cnear_s3_i2.0_pABABAB_ppc3,near,0.6592333203324905,1.0,000000111111
cnear_s3_i2.0_pABABAB_ppc3,near,0.6234723812685563,0.8333333283662796,100000111111
cnear_s3_i2.0_pABABAB_ppc3,near,0.582011275108044,0.8333333134651184,000000011111
cnear_s3_i2.0_pABABAB_ppc3,near,0.49982052049957787,0.6666666865348816,000000010111
cnear_s3_i2.0_pABABAB_ppc3,near,0.6597996086455309,1.0,000000111111
cnear_s3_i2.0_pABABAB_ppc3,near,0.6234895133628295,0.8333333283662796,100000111111
cnear_s3_i2.0_pABABAB_ppc3,near,0.5859164040822249,0.8333333134651184,000000011111
cnear_s3_i2.0_pABABAB_ppc3,near,0.5005416636283581,0.6666666865348816,000000010111
cnear_s3_i2.0_pABABAB_ppc3,near,0.5003628582335435,0.5000000149011612,001000110110
cnear_s3_i2.0_pABABAB_ppc3,near,0.6600389517270602,1.0,000000111111
cnear_s3_i2.0_pABABAB_ppc3,near,0.6241677512987875,0.8333333283662796,100000111111
cnear_s3_i2.0_pABABAB_ppc3,near,0.5884323036441437,0.8333333134651184,000000011111
cnear_s3_i2.0_pABABAB_ppc3,near,0.5006860720423552,0.6666666865348816,000000010111
cnear_s3_i2.0_pABABAB_ppc3,near,0.6624438628554344,1.0,000000111111
cnear_s3_i2.0_pABABAB_ppc3,near,0.6245829470742207,0.8333333283662796,100000111111
cnear_s3_i2.0_pABABAB_ppc3,near,0.5886378319217609,0.8333333134651184,000000011111
cnear_s3_i2.0_pABABAB_ppc3,near,0.5008696272396125,0.6666666865348816,000000010111
cnear_s3_i2.0_pABABAB_ppc3,near,0.6628868915140629,1.0,000000111111
cnear_s3_i2.0_pABABAB_ppc3,near,0.6263470472767949,0.8333333283662796,100000111111
cnear_s3_i2.0_pABABAB_ppc3,near,0.5908743272607143,0.8333333134651184,000000011111
cnear_s3_i2.0_pABABAB_ppc3,near,0.5010488276871351,0.6666666865348816,000000010111
cnear_s3_i2.0_pABABAB_ppc3,near,0.6633199581733117,1.0,000000111111
cnear_s3_i2.0_pABABAB_ppc3,near,0.6265403604278198,0.8333333283662796,000100111111
cnear_s3_i2.0_pABABAB_ppc3,near,0.591313763306691,0.8333333134651184,000000011111
cnear_s3_i2.0_pABABAB_ppc3,near,0.5013974474599728,0.6666666865348816,000000010111
cnear_s3_i2.0_pABABAB_ppc3,near,0.6642071633384778,1.0,000000111111
cnear_s3_i2.0_pABABAB_ppc3,near,0.6278312060408867,0.8333333283662796,000100111111
cnear_s3_i2.0_pABABAB_ppc3,near,0.5916427658154414,0.8333333134651184,000000011111
cnear_s3_i2.0_pABABAB_ppc3,near,0.5016428770927283,0.6666666865348816,000000010111
cnear_s3_i2.0_pABABAB_ppc3,near,0.6654440067135371,1.0,000000111111
cnear_s3_i2.0_pABABAB_ppc3,near,0.6280358759829632,0.8333333283662796,100000111111
cnear_s3_i2.0_pABABAB_ppc3,near,0.5930279742066676,0.8333333134651184,000000011111
cnear_s3_i2.0_pABABAB_ppc3,near,0.5035291636219391,0.6666666865348816,000000010111
cnear_s3_i2.0_pABABAB_ppc3,near,0.5023906917526172,0.666666641831398,001000110111
cnear_s3_i2.0_pABABABAB_ppc2,near,0.42420898562754855,1.0,000000111111
cnear_s3_i2.0_pABABABAB_ppc2,near,0.39309055755488925,0.8333333283662796,100000111111
cnear_s3_i2.0_pABABABAB_ppc2,near,0.30834915061834556,0.8333333134651184,000000111011
cnear_s3_i2.0_pABABABAB_ppc2,near,0.4252316115488266,1.0,000000111111
cnear_s3_i2.0_pABABABAB_ppc2,near,0.39459301185280343,0.8333333283662796,100000111111
cnear_s3_i2.0_pABABABAB_ppc2,near,0.31352139876930624,0.8333333134651184,000000111011
cnear_s3_i2.0_pABABABAB_ppc2,near,0.4295433585307208,1.0,000000111111
cnear_s3_i2.0_pABABABAB_ppc2,near,0.39745385302953296,0.8333333283662796,100000111111
cnear_s3_i2.0_pABABABAB_ppc2,near,0.31450608558149945,0.8333333134651184,000000111011
cnear_s3_i2.0_pABABABAB_ppc2,near,0.4303237179189856,1.0,000000111111
cnear_s3_i2.0_pABABABAB_ppc2,near,0.3977309815376869,0.8333333283662796,100000111111
cnear_s3_i2.0_pABABABAB_ppc2,near,0.3145138603526746,0.8333333134651184,000000111011
cnear_s3_i2.0_pABABABAB_ppc2,near,0.43067131107994194,1.0,000000111111
cnear_s3_i2.0_pABABABAB_ppc2,near,0.3983417461899206,0.8333333283662796,100000111111
cnear_s3_i2.0_pABABABAB_ppc2,near,0.31486952482323277,0.8333333134651184,000000111011
cnear_s3_i2.0_pABABABAB_ppc2,near,0.4306849664205621,1.0,000000111111
cnear_s3_i2.0_pABABABAB_ppc2,near,0.3997992368912774,0.8333333283662796,100000111111
cnear_s3_i2.0_pABABABAB_ppc2,near,0.31548574939370155,0.8333333134651184,000000111011
cnear_s3_i2.0_pABABABAB_ppc2,near,0.43125467678403545,1.0,000000111111
cnear_s3_i2.0_pABABABAB_ppc2,near,0.4011910995333014,0.8333333283662796,100000111111
cnear_s3_i2.0_pABABABAB_ppc2,near,0.31655047886908566,0.8333333134651184,000000111011
cnear_s3_i2.0_pABABABAB_ppc2,near,0.4316126410046528,1.0,000000111111
cnear_s3_i2.0_pABABABAB_ppc2,near,0.4017474539899107,0.8333333283662796,100000111111
cnear_s3_i2.0_pABABABAB_ppc2,near,0.317796062244552,0.8333333134651184,000000111011
cnear_s3_i2.0_pABABABAB_ppc2,near,0.43191261680652226,1.0,000000111111
cnear_s3_i2.0_pABABABAB_ppc2,near,0.40274189605682703,0.8333333283662796,100000111111
cnear_s3_i2.0_pABABABAB_ppc2,near,0.31795964002255994,0.8333333134651184,000000111011
cnear_s3_i2.0_pABABABAB_ppc2,near,0.43243217182442034,1.0,000000111111
cnear_s3_i2.0_pABABABAB_ppc2,near,0.4029484317409164,0.8333333283662796,100000111111
cnear_s3_i2.0_pABABABAB_ppc2,near,0.3188786182937951,0.8333333134651184,000000111011
cnear_s3_i2.0_pABABABAB_ppc2,near,0.43317676876703726,1.0,000000111111
cnear_s3_i2.0_pABABABAB_ppc2,near,0.4034713935939964,0.8333333283662796,100000111111
cnear_s3_i2.0_pABABABAB_ppc2,near,0.31998486171380197,0.8333333134651184,000000111011
cnear_s3_i2.0_pABABABAB_ppc2,near,0.4345286452464342,1.0,000000111111
cnear_s3_i2.0_pABABABAB_ppc2,near,0.40426462203673696,0.8333333283662796,100000111111
cnear_s3_i2.0_pABABABAB_ppc2,near,0.3200586685461217,0.8333333134651184,000000111011
cnear_s3_i2.0_pABABABAB_ppc2,near,0.4349371433049312,1.0,000000111111
cnear_s3_i2.0_pABABABAB_ppc2,near,0.404439112312032,0.8333333283662796,100000111111
cnear_s3_i2.0_pABABABAB_ppc2,near,0.3206426927434473,0.8333333134651184,000000111011
cnear_s3_i2.0_pABABABAB_ppc2,near,0.43515877592666397,1.0,000000111111
cnear_s3_i2.0_pABABABAB_ppc2,near,0.40506350546513264,0.8333333283662796,100000111111
cnear_s3_i2.0_pABABABAB_ppc2,near,0.3206786353899776,0.8333333134651184,000000111011
cnear_s3_i2.0_pABABABAB_ppc2,near,0.4351622450952258,1.0,000000111111
cnear_s3_i2.0_pABABABAB_ppc2,near,0.3207458815344706,0.8333333134651184,000000111011
cnear_s3_i2.0_pABABABAB_ppc3,near,0.6731080523338812,1.0,000000111111
cnear_s3_i2.0_pABABABAB_ppc3,near,0.6029869036684776,0.8333333283662796,010000111111
cnear_s3_i2.0_pABABABAB_ppc3,near,0.5832465323351923,0.8333333134651184,000000111101
cnear_s3_i2.0_pABABABAB_ppc3,near,0.5519774523617207,0.6666666865348816,000000111010
cnear_s3_i2.0_pABABABAB_ppc3,near,0.543068303694499,0.666666641831398,001000101111
cnear_s3_i2.0_pABABABAB_ppc3,near,0.5140834190379614,0.3333333134651184,110100101111
cnear_s3_i2.0_pABABABAB_ppc3,near,0.4996332834506857,0.1666666865348816,011101101001
cnear_s3_i2.0_pABABABAB_ppc3,near,0.6793181449174881,1.0,000000111111
cnear_s3_i2.0_pABABABAB_ppc3,near,0.6099061673913879,0.8333333283662796,010000111111
cnear_s3_i2.0_pABABABAB_ppc3,near,0.5832538550141556,0.8333333134651184,000000111101
cnear_s3_i2.0_pABABABAB_ppc3,near,0.574013000332761,0.6666666865348816,000000111010
cnear_s3_i2.0_pABABABAB_ppc3,near,0.5560582367938826,0.6666666567325592,011000111111
cnear_s3_i2.0_pABABABAB_ppc3,near,0.5472530792413772,0.666666641831398,000010111110
cnear_s3_i2.0_pABABABAB_ppc3,near,0.5445835917931179,0.5,000000110001
cnear_s3_i2.0_pABABABAB_ppc3,near,0.507652620217581,0.1666666865348816,011101101001
cnear_s3_i2.0_pABABABAB_ppc3,near,0.6831240896349666,1.0,000000111111
cnear_s3_i2.0_pABABABAB_ppc3,near,0.6099476037953777,0.8333333283662796,010000111111
cnear_s3_i2.0_pABABABAB_ppc3,near,0.5834363778603489,0.8333333134651184,000000111101
cnear_s3_i2.0_pABABABAB_ppc3,near,0.562838591506769,0.6666666567325592,011000111111
cnear_s3_i2.0_pABABABAB_ppc3,near,0.5523311334779892,0.5000000149011612,010000101101
cnear_s3_i2.0_pABABABAB_ppc3,near,0.5489040728786896,0.5,000000110001
cnear_s3_i2.0_pABABABAB_ppc3,near,0.5488605733061659,0.3333333283662796,000100110001
cnear_s3_i2.0_pABABABAB_ppc3,near,0.5093194861607305,0.1666666865348816,011101101001
cnear_s3_i2.0_pABABABAB_ppc3,near,0.6865629092629614,1.0,000000111111
cnear_s3_i2.0_pABABABAB_ppc3,near,0.6103443472549833,0.8333333283662796,010000111111
cnear_s3_i2.0_pABABABAB_ppc3,near,0.5856773539007395,0.8333333134651184,000000111101
cnear_s3_i2.0_pABABABAB_ppc3,near,0.5839850000244962,0.6666666865348816,000000101011
cnear_s3_i2.0_pABABABAB_ppc3,near,0.5634543418713,0.6666666567325592,011000111111
cnear_s3_i2.0_pABABABAB_ppc3,near,0.5548509392330702,0.5000000149011612,010000110101
cnear_s3_i2.0_pABABABAB_ppc3,near,0.5494934176576549,0.5,000000110001
cnear_s3_i2.0_pABABABAB_ppc3,near,0.5109473431333044,0.1666666865348816,011101101001
cnear_s3_i2.0_pABABABAB_ppc3,near,0.6869055160332,1.0,000000111111
cnear_s3_i2.0_pABABABAB_ppc3,near,0.6119397178335094,0.8333333283662796,010000111111
cnear_s3_i2.0_pABABABAB_ppc3,near,0.586264347978707,0.8333333134651184,000000111101
cnear_s3_i2.0_pABABABAB_ppc3,near,0.5651294838572885,0.6666666567325592,011000111111
cnear_s3_i2.0_pABABABAB_ppc3,near,0.5575266049254215,0.5000000149011612,010000110101
cnear_s3_i2.0_pABABABAB_ppc3,near,0.5518978560536072,0.5,000000110001
cnear_s3_i2.0_pABABABAB_ppc3,near,0.5498385324474724,0.3333333283662796,000100110001
cnear_s3_i2.0_pABABABAB_ppc3,near,0.5125936861524637,0.1666666865348816,011101101001
cnear_s3_i2.0_pABABABAB_ppc3,near,0.6870899702283157,1.0,000000111111
cnear_s3_i2.0_pABABABAB_ppc3,near,0.5136512473182774,0.1666666865348816,011101101001
cnear_s3_i2.0_pABABABAB_ppc3,near,0.6119921903243695,0.8333333283662796,010000111111
cnear_s3_i2.0_pABABABAB_ppc3,near,0.6027408911065123,0.666666641831398,000100111101
cnear_s3_i2.0_pABABABAB_ppc3,near,0.550063908335635,0.3333333283662796,000100110001
cfar_s0_i0.001_pABABAB_ppc2,far,0.458895831792192,1.0,111111000000
cfar_s0_i0.001_pABABAB_ppc2,far,0.39139404161356983,0.8333333134651184,011111000000
cfar_s0_i0.001_pABABAB_ppc2,far,0.3765179396776313,0.666666641831398,111110001000
cfar_s0_i0.001_pABABAB_ppc2,far,0.3719047312201424,0.4999999701976776,011111001100
cfar_s0_i0.001_pABABAB_ppc2,far,0.37185645780780097,0.3333333432674408,011101001100
cfar_s0_i0.001_pABABAB_ppc2,far,0.36019026915627445,0.3333333283662796,100110100000
cfar_s0_i0.001_pABABAB_ppc2,far,0.35300806581720034,0.3333333134651184,110111001110
cfar_s0_i0.001_pABABAB_ppc2,far,0.4600377172570337,1.0,111111000000
cfar_s0_i0.001_pABABAB_ppc2,far,0.3914510576670926,0.8333333134651184,011111000000
cfar_s0_i0.001_pABABAB_ppc2,far,0.3771609045692127,0.666666641831398,111110001000
cfar_s0_i0.001_pABABAB_ppc2,far,0.3731259363280101,0.4999999701976776,011111001100
cfar_s0_i0.001_pABABAB_ppc2,far,0.3727043263868175,0.3333333432674408,011101001100
cfar_s0_i0.001_pABABAB_ppc2,far,0.36723093229176645,0.0,000110100010
cfar_s0_i0.001_pABABAB_ppc2,far,0.461123169103468,1.0,111111000000
cfar_s0_i0.001_pABABAB_ppc2,far,0.4601424328919331,0.8333333283662796,111111000010
cfar_s0_i0.001_pABABAB_ppc2,far,0.3923109098584105,0.8333333134651184,011111000000
cfar_s0_i0.001_pABABAB_ppc2,far,0.3750615734606981,0.4999999701976776,011111001100
cfar_s0_i0.001_pABABAB_ppc2,far,0.3691998564701697,0.0,000110100010
cfar_s0_i0.001_pABABAB_ppc2,far,0.4611251004442403,1.0,111111000000
cfar_s0_i0.001_pABABAB_ppc2,far,0.46039289207494055,0.8333333283662796,111111000010
cfar_s0_i0.001_pABABAB_ppc2,far,0.39242589683801105,0.8333333134651184,011111000000
cfar_s0_i0.001_pABABAB_ppc2,far,0.37535473314875906,0.4999999701976776,011111001100
cfar_s0_i0.001_pABABAB_ppc2,far,0.3751999186775224,0.1666666567325592,010011000110
cfar_s0_i0.001_pABABAB_ppc2,far,0.3725372002333064,0.0,000110100010
cfar_s0_i0.001_pABABAB_ppc2,far,0.46172596035863867,1.0,111111000000
cfar_s0_i0.001_pABABAB_ppc2,far,0.4608506532703442,0.8333333283662796,111111000010
cfar_s0_i0.001_pABABAB_ppc2,far,0.39394245776797604,0.8333333134651184,011111000000
cfar_s0_i0.001_pABABAB_ppc2,far,0.3936632290887329,0.5000000149011612,011110001000
cfar_s0_i0.001_pABABAB_ppc2,far,0.3754440132867206,0.4999999701976776,011111001100
cfar_s0_i0.001_pABABAB_ppc2,far,0.37289440226806453,0.0,111010101011
cfar_s0_i0.001_pABABAB_ppc2,far,0.46175761019218375,1.0,111111000000
cfar_s0_i0.001_pABABAB_ppc2,far,0.39403391714123165,0.8333333134651184,011111000000
cfar_s0_i0.001_pABABAB_ppc2,far,0.37559522493657743,0.4999999701976776,011111001100
cfar_s0_i0.001_pABABAB_ppc2,far,0.372995724404146,0.0,111010101011
cfar_s0_i0.001_pABABAB_ppc2,far,0.4620649263643744,1.0,111111000000
cfar_s0_i0.001_pABABAB_ppc2,far,0.3941305744724973,0.8333333134651184,011111000000
cfar_s0_i0.001_pABABAB_ppc2,far,0.37575225929983636,0.4999999701976776,011111001100
cfar_s0_i0.001_pABABAB_ppc2,far,0.37306334152063675,0.0,111010101011
cfar_s0_i0.001_pABABAB_ppc2,far,0.46299154352693056,1.0,111111000000
cfar_s0_i0.001_pABABAB_ppc2,far,0.46211777079257776,0.8333333283662796,111111000010
cfar_s0_i0.001_pABABAB_ppc2,far,0.3942678773733364,0.8333333134651184,011111000000
cfar_s0_i0.001_pABABAB_ppc2,far,0.37589142556217586,0.4999999701976776,011111001100
cfar_s0_i0.001_pABABAB_ppc2,far,0.37362488283013756,0.0,111010101011
cfar_s0_i0.001_pABABAB_ppc2,far,0.46369826776737516,1.0,111111000000
cfar_s0_i0.001_pABABAB_ppc3,far,0.5872960680952439,1.0,111111000000
cfar_s0_i0.001_pABABAB_ppc3,far,0.5242772990694413,0.8333333283662796,111111000100
cfar_s0_i0.001_pABABAB_ppc3,far,0.5054524961572427,0.6666666567325592,111111000110
cfar_s0_i0.001_pABABAB_ppc3,far,0.45535370486860094,0.666666641831398,111011000100
cfar_s0_i0.001_pABABAB_ppc3,far,0.5950589927343222,1.0,111111000000
cfar_s0_i0.001_pABABAB_ppc3,far,0.5272776979093369,0.8333333283662796,111111000100
cfar_s0_i0.001_pABABAB_ppc3,far,0.5066057973183118,0.6666666567325592,111111000110
cfar_s0_i0.001_pABABAB_ppc3,far,0.45584226190470734,0.666666641831398,111011000100
cfar_s0_i0.001_pABABAB_ppc3,far,0.5963430316402362,1.0,111111000000
cfar_s0_i0.001_pABABAB_ppc3,far,0.5280298227874133,0.8333333283662796,111111000100
cfar_s0_i0.001_pABABAB_ppc3,far,0.5072175384714053,0.6666666567325592,111111000110
cfar_s0_i0.001_pABABAB_ppc3,far,0.4583424757879514,0.666666641831398,111011000100
cfar_s0_i0.001_pABABAB_ppc3,far,0.5968991685372133,1.0,111111000000
cfar_s0_i0.001_pABABAB_ppc3,far,0.5282794796503507,0.8333333283662796,111111000100
cfar_s0_i0.001_pABABAB_ppc3,far,0.5077751106940783,0.6666666567325592,111111000110
cfar_s0_i0.001_pABABAB_ppc3,far,0.4601873531077917,0.666666641831398,111011000100
cfar_s0_i0.001_pABABAB_ppc3,far,0.5985031421367939,1.0,111111000000
cfar_s0_i0.001_pABABAB_ppc3,far,0.5286101972827545,0.8333333283662796,111111000100
cfar_s0_i0.001_pABABAB_ppc3,far,0.5078747186523217,0.6666666567325592,111111000110
cfar_s0_i0.001_pABABAB_ppc3,far,0.46030570675547305,0.666666641831398,111011000100
cfar_s0_i0.001_pABABAB_ppc3,far,0.5986909011235604,1.0,111111000000
cfar_s0_i0.001_pABABAB_ppc3,far,0.5289693224888582,0.8333333283662796,111111000100
cfar_s0_i0.001_pABABAB_ppc3,far,0.5081555247306824,0.6666666567325592,111111000110
cfar_s0_i0.001_pABABAB_ppc3,far,0.4610642145172908,0.666666641831398,111011000100
cfar_s0_i0.001_pABABAB_ppc3,far,0.5997827533345956,1.0,111111000000
cfar_s0_i0.001_pABABAB_ppc3,far,0.5292008822927108,0.8333333283662796,111111000100
cfar_s0_i0.001_pABABAB_ppc3,far,0.5083869163806621,0.6666666567325592,111111000110
cfar_s0_i0.001_pABABAB_ppc3,far,0.4612398606366836,0.666666641831398,111011000100
cfar_s0_i0.001_pABABAB_ppc3,far,0.6004269327108677,1.0,111111000000
cfar_s0_i0.001_pABABAB_ppc3,far,0.5306852494867949,0.8333333283662796,111111000100
cfar_s0_i0.001_pABABAB_ppc3,far,0.5097718778711099,0.6666666567325592,111111000011
cfar_s0_i0.001_pABABAB_ppc3,far,0.4617978804959701,0.666666641831398,111011000100
cfar_s0_i0.001_pABABAB_ppc3,far,0.6016713269628011,1.0,111111000000
cfar_s0_i0.001_pABABAB_ppc3,far,0.5308088996089422,0.8333333283662796,111111000100
cfar_s0_i0.001_pABABAB_ppc3,far,0.5098476843192027,0.6666666567325592,111111000110
cfar_s0_i0.001_pABABAB_ppc3,far,0.462022279174282,0.666666641831398,111011000100
cfar_s0_i0.001_pABABAB_ppc3,far,0.6020193660488495,1.0,111111000000
cfar_s0_i0.001_pABABAB_ppc3,far,0.5308743854554799,0.8333333283662796,111111000100
cfar_s0_i0.001_pABABAB_ppc3,far,0.5102812712009136,0.6666666567325592,111111000110
cfar_s0_i0.001_pABABAB_ppc3,far,0.46248906134412837,0.666666641831398,111011000100
cfar_s0_i0.001_pABABAB_ppc3,far,0.6042367619963792,1.0,111111000000
cfar_s0_i0.001_pABABAB_ppc3,far,0.5310181310543647,0.8333333283662796,111111000100
cfar_s0_i0.001_pABABAB_ppc3,far,0.5103033071527114,0.6666666567325592,111111000110
cfar_s0_i0.001_pABABAB_ppc3,far,0.46318718492984773,0.666666641831398,111011000100
cfar_s0_i0.001_pABABABAB_ppc2,far,0.5366945685919149,1.0,111111000000
cfar_s0_i0.001_pABABABAB_ppc2,far,0.46707494662881927,0.8333333283662796,111111000010
cfar_s0_i0.001_pABABABAB_ppc2,far,0.422033127236726,0.6666666865348816,110101000000
cfar_s0_i0.001_pABABABAB_ppc2,far,0.410863458773057,0.5000000149011612,010111000100
cfar_s0_i0.001_pABABABAB_ppc2,far,0.3899208514084076,0.5,110100000000
cfar_s0_i0.001_pABABABAB_ppc2,far,0.3887776319772519,0.3333333283662796,001101100000
cfar_s0_i0.001_pABABABAB_ppc2,far,0.3619467544385457,0.3333333134651184,100110111110
cfar_s0_i0.001_pABABABAB_ppc2,far,0.3164058809072293,0.0,100110110010
cfar_s0_i0.001_pABABABAB_ppc2,far,0.5391636935608655,1.0,111111000000
cfar_s0_i0.001_pABABABAB_ppc2,far,0.4683807647690691,0.8333333283662796,111111000010
cfar_s0_i0.001_pABABABAB_ppc2,far,0.4238861305318002,0.6666666865348816,110101000000
cfar_s0_i0.001_pABABABAB_ppc2,far,0.4122479402074783,0.5000000149011612,010111000100
cfar_s0_i0.001_pABABABAB_ppc2,far,0.3943389838015468,0.5,110100000000
cfar_s0_i0.001_pABABABAB_ppc2,far,0.38939427722502373,0.3333333283662796,001101100000
cfar_s0_i0.001_pABABABAB_ppc2,far,0.3628781321338089,0.3333333134651184,100110111110
cfar_s0_i0.001_pABABABAB_ppc2,far,0.31766780451389737,0.0,100110110010
cfar_s0_i0.001_pABABABAB_ppc2,far,0.5391838689904724,1.0,111111000000
cfar_s0_i0.001_pABABABAB_ppc2,far,0.469681644358608,0.8333333283662796,111111000010
cfar_s0_i0.001_pABABABAB_ppc2,far,0.424051561970906,0.6666666865348816,110101000000
cfar_s0_i0.001_pABABABAB_ppc2,far,0.41241226678890786,0.5000000149011612,010111000100
cfar_s0_i0.001_pABABABAB_ppc2,far,0.3960429678895864,0.5,110100000000
cfar_s0_i0.001_pABABABAB_ppc2,far,0.3899682112969458,0.3333333283662796,001101100000
cfar_s0_i0.001_pABABABAB_ppc2,far,0.36520010089212707,0.3333333134651184,100110111110
cfar_s0_i0.001_pABABABAB_ppc2,far,0.31826865058874004,0.0,100110110010
cfar_s0_i0.001_pABABABAB_ppc2,far,0.5399561266270305,1.0,111111000000
cfar_s0_i0.001_pABABABAB_ppc2,far,0.47051996633346227,0.8333333283662796,111111000010
cfar_s0_i0.001_pABABABAB_ppc2,far,0.42455503077984885,0.6666666865348816,110101000000
cfar_s0_i0.001_pABABABAB_ppc2,far,0.4151887586059306,0.5000000149011612,010111000100
cfar_s0_i0.001_pABABABAB_ppc2,far,0.3977286895849453,0.5,110100000000
cfar_s0_i0.001_pABABABAB_ppc2,far,0.3910490549249767,0.3333333283662796,001101100000
cfar_s0_i0.001_pABABABAB_ppc2,far,0.36520786732154226,0.3333333134651184,100110111110
cfar_s0_i0.001_pABABABAB_ppc2,far,0.3194952396884689,0.0,100110110010
cfar_s0_i0.001_pABABABAB_ppc2,far,0.5403795385219413,1.0,111111000000
cfar_s0_i0.001_pABABABAB_ppc2,far,0.47086605601060877,0.8333333283662796,111111000010
cfar_s0_i0.001_pABABABAB_ppc2,far,0.4258157643328967,0.6666666865348816,110101000000
cfar_s0_i0.001_pABABABAB_ppc2,far,0.4152915431628132,0.5000000149011612,010111000100
cfar_s0_i0.001_pABABABAB_ppc2,far,0.3977495809085667,0.5,110100000000
cfar_s0_i0.001_pABABABAB_ppc2,far,0.3911133229828857,0.3333333283662796,001101100000
cfar_s0_i0.001_pABABABAB_ppc2,far,0.3660063504618753,0.3333333134651184,100110111110
cfar_s0_i0.001_pABABABAB_ppc2,far,0.32047478433955334,0.0,100110110010
cfar_s0_i0.001_pABABABAB_ppc2,far,0.5406626945036335,1.0,111111000000
cfar_s0_i0.001_pABABABAB_ppc2,far,0.3210838586573714,0.0,100110110010
cfar_s0_i0.001_pABABABAB_ppc2,far,0.41547837700887486,0.5000000149011612,110101000001
cfar_s0_i0.001_pABABABAB_ppc2,far,0.47123314201799704,0.8333333283662796,111111000010
cfar_s0_i0.001_pABABABAB_ppc3,far,0.5688917256848908,1.0,111111000000
cfar_s0_i0.001_pABABABAB_ppc3,far,0.5629479307681322,0.8333333283662796,111111000100
cfar_s0_i0.001_pABABABAB_ppc3,far,0.5598291489670332,0.8333333134651184,111110000000
cfar_s0_i0.001_pABABABAB_ppc3,far,0.5262261389315813,0.6666666865348816,000000010111
cfar_s0_i0.001_pABABABAB_ppc3,far,0.4977272119501541,0.6666666567325592,111111010001
cfar_s0_i0.001_pABABABAB_ppc3,far,0.47504785537034616,0.5,111111000111
cfar_s0_i0.001_pABABABAB_ppc3,far,0.4596717433425887,0.4999999701976776,101111000011
cfar_s0_i0.001_pABABABAB_ppc3,far,0.44842635480494336,0.3333333134651184,110100011111
cfar_s0_i0.001_pABABABAB_ppc3,far,0.446699144682665,0.0,111000010110
cfar_s0_i0.001_pABABABAB_ppc3,far,0.570058215730663,1.0,111111000000
cfar_s0_i0.001_pABABABAB_ppc3,far,0.5631572200820364,0.8333333283662796,111111000100
cfar_s0_i0.001_pABABABAB_ppc3,far,0.5272833603894573,0.6666666865348816,000000010111
cfar_s0_i0.001_pABABABAB_ppc3,far,0.501459719120771,0.6666666567325592,111111010001
cfar_s0_i0.001_pABABABAB_ppc3,far,0.47514745730093155,0.5,111111000111
cfar_s0_i0.001_pABABABAB_ppc3,far,0.4648408504823844,0.4999999701976776,101111000011
cfar_s0_i0.001_pABABABAB_ppc3,far,0.4482111184076331,0.0,111100011101
cfar_s0_i0.001_pABABABAB_ppc3,far,0.5704442652520435,1.0,111111000000
cfar_s0_i0.001_pABABABAB_ppc3,far,0.5649805301265127,0.8333333283662796,111111000100
cfar_s0_i0.001_pABABABAB_ppc3,far,0.5285153030150238,0.6666666865348816,000000010111
cfar_s0_i0.001_pABABABAB_ppc3,far,0.5024453530880226,0.6666666567325592,111111010001
cfar_s0_i0.001_pABABABAB_ppc3,far,0.47761798641462433,0.5,111111000111
cfar_s0_i0.001_pABABABAB_ppc3,far,0.4651691170473551,0.4999999701976776,101111000011
cfar_s0_i0.001_pABABABAB_ppc3,far,0.451513204166944,0.0,111000010110
cfar_s0_i0.001_pABABABAB_ppc3,far,0.5708473362884987,1.0,111111000000
cfar_s0_i0.001_pABABABAB_ppc3,far,0.5649851235057944,0.8333333283662796,111111000100
cfar_s0_i0.001_pABABABAB_ppc3,far,0.5291534070482199,0.6666666865348816,000000010111
cfar_s0_i0.001_pABABABAB_ppc3,far,0.5049520933936382,0.6666666567325592,111111010001
cfar_s0_i0.001_pABABABAB_ppc3,far,0.5031187572441567,0.666666641831398,111110000001
cfar_s0_i0.001_pABABABAB_ppc3,far,0.4776335281544718,0.5,111111000111
cfar_s0_i0.001_pABABABAB_ppc3,far,0.46597727559421254,0.4999999701976776,101111000011
cfar_s0_i0.001_pABABABAB_ppc3,far,0.45507140543269015,0.0,111100011101
cfar_s0_i0.001_pABABABAB_ppc3,far,0.5717250313074596,1.0,111111000000
cfar_s0_i0.001_pABABABAB_ppc3,far,0.567715046841694,0.8333333283662796,111111000100
cfar_s0_i0.001_pABABABAB_ppc3,far,0.5653230434861677,0.8333333134651184,000000111101
cfar_s0_i0.001_pABABABAB_ppc3,far,0.5292763899283848,0.6666666865348816,000000010111
cfar_s0_i0.001_pABABABAB_ppc3,far,0.5079682333202198,0.6666666567325592,111111010001
cfar_s0_i0.001_pABABABAB_ppc3,far,0.47869450556135723,0.5,111111000111
cfar_s0_i0.001_pABABABAB_ppc3,far,0.4693966645362048,0.4999999701976776,101111000011
cfar_s0_i0.001_pABABABAB_ppc3,far,0.45697460417774904,0.0,111100011101
cfar_s0_i0.001_pABABABAB_ppc3,far,0.5723313730552622,1.0,111111000000
cfar_s0_i0.001_pABABABAB_ppc3,far,0.45760039051716356,0.0,111100011101
cfar_s0_i0.001_pABABABAB_ppc3,far,0.5300572577906751,0.6666666865348816,000000010111
cfar_s0_i0.001_pABABABAB_ppc3,far,0.5691472156904638,0.8333333283662796,111111000100
cfar_s0_i0.001_pABABABAB_ppc3,far,0.4720029187784798,0.4999999701976776,101111000011
cfar_s0_i2.0_pABABAB_ppc2,far,0.4410180186069655,1.0,111111000000
cfar_s0_i2.0_pABABAB_ppc2,far,0.4265063402814452,0.8333333283662796,111111000010
cfar_s0_i2.0_pABABAB_ppc2,far,0.3909252962396501,0.8333333134651184,011111000000
cfar_s0_i2.0_pABABAB_ppc2,far,0.38303598160432145,0.6666666567325592,111111100010
cfar_s0_i2.0_pABABAB_ppc2,far,0.3556125040420077,0.666666641831398,111110001000
cfar_s0_i2.0_pABABAB_ppc2,far,0.325958756682336,0.3333333134651184,111110101001
cfar_s0_i2.0_pABABAB_ppc2,far,0.44192880237228976,1.0,111111000000
cfar_s0_i2.0_pABABAB_ppc2,far,0.42842664008706133,0.8333333283662796,111111000010
cfar_s0_i2.0_pABABAB_ppc2,far,0.39096817558377306,0.8333333134651184,011111000000
cfar_s0_i2.0_pABABAB_ppc2,far,0.3842530209883328,0.6666666567325592,111111100010
cfar_s0_i2.0_pABABAB_ppc2,far,0.35585851256142964,0.666666641831398,111110001000
cfar_s0_i2.0_pABABAB_ppc2,far,0.3419936252652075,0.16666662693023682,010111111011
cfar_s0_i2.0_pABABAB_ppc2,far,0.4424750173982995,1.0,111111000000
cfar_s0_i2.0_pABABAB_ppc2,far,0.4301826026586985,0.8333333283662796,111111000010
cfar_s0_i2.0_pABABAB_ppc2,far,0.3920023597946221,0.8333333134651184,011111000000
cfar_s0_i2.0_pABABAB_ppc2,far,0.3888927127594467,0.6666666567325592,111111010100
cfar_s0_i2.0_pABABAB_ppc2,far,0.3563124828294597,0.666666641831398,111110001000
cfar_s0_i2.0_pABABAB_ppc2,far,0.442881233702296,1.0,111111000000
cfar_s0_i2.0_pABABAB_ppc2,far,0.4326235681047282,0.8333333283662796,111111000010
cfar_s0_i2.0_pABABAB_ppc2,far,0.3926270620643415,0.8333333134651184,011111000000
cfar_s0_i2.0_pABABAB_ppc2,far,0.38976846254610625,0.6666666567325592,111111100010
cfar_s0_i2.0_pABABAB_ppc2,far,0.35821758722886443,0.666666641831398,111110001000
cfar_s0_i2.0_pABABAB_ppc2,far,0.44856811286775733,1.0,111111000000
cfar_s0_i2.0_pABABAB_ppc2,far,0.4331254964133471,0.8333333283662796,111111000010
cfar_s0_i2.0_pABABAB_ppc2,far,0.3943572652642615,0.8333333134651184,011111000000
cfar_s0_i2.0_pABABAB_ppc2,far,0.391273455704901,0.6666666567325592,111111010100
cfar_s0_i2.0_pABABAB_ppc2,far,0.3585688065822152,0.666666641831398,111110001000
cfar_s0_i2.0_pABABAB_ppc2,far,0.451292820031416,1.0,111111000000
cfar_s0_i2.0_pABABAB_ppc2,far,0.44009367512031033,0.8333333283662796,111111000010
cfar_s0_i2.0_pABABAB_ppc2,far,0.4006257068196481,0.8333333134651184,011111000000
cfar_s0_i2.0_pABABAB_ppc2,far,0.3919881484153765,0.6666666567325592,111111100010
cfar_s0_i2.0_pABABAB_ppc2,far,0.3610259863039987,0.666666641831398,111110001000
cfar_s0_i2.0_pABABAB_ppc2,far,0.36097594117745757,0.16666662693023682,010111111011
cfar_s0_i2.0_pABABAB_ppc2,far,0.45413386213212187,1.0,111111000000
cfar_s0_i2.0_pABABAB_ppc2,far,0.44082005005541514,0.8333333283662796,111111000010
cfar_s0_i2.0_pABABAB_ppc2,far,0.400962881823282,0.8333333134651184,011111000000
cfar_s0_i2.0_pABABAB_ppc2,far,0.39425782466159115,0.6666666567325592,111111100010
cfar_s0_i2.0_pABABAB_ppc2,far,0.36151165031531657,0.666666641831398,111110001000
cfar_s0_i2.0_pABABAB_ppc2,far,0.4562944939931516,1.0,111111000000
cfar_s0_i2.0_pABABAB_ppc2,far,0.44169597075828776,0.8333333283662796,111111000010
cfar_s0_i2.0_pABABAB_ppc2,far,0.40130647784098983,0.8333333134651184,011111000000
cfar_s0_i2.0_pABABAB_ppc2,far,0.39685101192232897,0.6666666567325592,111111100010
cfar_s0_i2.0_pABABAB_ppc2,far,0.3619636733889241,0.666666641831398,111110001000
cfar_s0_i2.0_pABABAB_ppc2,far,0.4625441930256784,1.0,111111000000
cfar_s0_i2.0_pABABAB_ppc3,far,0.5935854185659152,1.0,111111000000
cfar_s0_i2.0_pABABAB_ppc3,far,0.5145699824851293,0.8333333283662796,111111000100
cfar_s0_i2.0_pABABAB_ppc3,far,0.4982757085791001,0.6666666865348816,100111000000
cfar_s0_i2.0_pABABAB_ppc3,far,0.459459704046066,0.666666641831398,111011000100
cfar_s0_i2.0_pABABAB_ppc3,far,0.4532840344768304,0.0,101000100100
cfar_s0_i2.0_pABABAB_ppc3,far,0.5936450253312404,1.0,111111000000
cfar_s0_i2.0_pABABAB_ppc3,far,0.5176103928054755,0.8333333283662796,111111000100
cfar_s0_i2.0_pABABAB_ppc3,far,0.5050502515756167,0.6666666865348816,100111000000
cfar_s0_i2.0_pABABAB_ppc3,far,0.4720597365584511,0.666666641831398,111011000100
cfar_s0_i2.0_pABABAB_ppc3,far,0.46263389229917756,0.3333333283662796,001101000100
cfar_s0_i2.0_pABABAB_ppc3,far,0.45378419957481897,0.0,101000100100
cfar_s0_i2.0_pABABAB_ppc3,far,0.5952387399971485,1.0,111111000000
cfar_s0_i2.0_pABABAB_ppc3,far,0.5188679061256922,0.8333333283662796,111111000100
cfar_s0_i2.0_pABABAB_ppc3,far,0.5054124880295533,0.6666666865348816,100111000000
cfar_s0_i2.0_pABABAB_ppc3,far,0.48433800706496605,0.666666641831398,111011000100
cfar_s0_i2.0_pABABAB_ppc3,far,0.47431011211413604,0.5000000149011612,010000111010
cfar_s0_i2.0_pABABAB_ppc3,far,0.46377494944116243,0.3333333283662796,001101000100
cfar_s0_i2.0_pABABAB_ppc3,far,0.45600877415675384,0.0,101000100100
cfar_s0_i2.0_pABABAB_ppc3,far,0.596760751077762,1.0,111111000000
cfar_s0_i2.0_pABABAB_ppc3,far,0.5227560594677925,0.8333333283662796,111111000100
cfar_s0_i2.0_pABABAB_ppc3,far,0.5055670913595419,0.6666666865348816,100111000000
cfar_s0_i2.0_pABABAB_ppc3,far,0.5022812819466568,0.666666641831398,010000111011
cfar_s0_i2.0_pABABAB_ppc3,far,0.4763898213895468,0.5000000149011612,010000111010
cfar_s0_i2.0_pABABAB_ppc3,far,0.46618939162446904,0.3333333283662796,001101000100
cfar_s0_i2.0_pABABAB_ppc3,far,0.46020179425294583,0.0,101000100100
cfar_s0_i2.0_pABABAB_ppc3,far,0.600813886981744,1.0,111111000000
cfar_s0_i2.0_pABABAB_ppc3,far,0.523294472694397,0.8333333283662796,111111000100
cfar_s0_i2.0_pABABAB_ppc3,far,0.5066624314739154,0.6666666865348816,100111000000
cfar_s0_i2.0_pABABAB_ppc3,far,0.48230762768250246,0.5000000149011612,010000111010
cfar_s0_i2.0_pABABAB_ppc3,far,0.4773981940860932,0.3333333432674408,100111001100
cfar_s0_i2.0_pABABAB_ppc3,far,0.4672575940019809,0.3333333283662796,001101000100
cfar_s0_i2.0_pABABAB_ppc3,far,0.4615069874777244,0.0,101000100100
cfar_s0_i2.0_pABABAB_ppc3,far,0.6009038227108808,1.0,111111000000
cfar_s0_i2.0_pABABAB_ppc3,far,0.523348714869756,0.8333333283662796,111111000100
cfar_s0_i2.0_pABABAB_ppc3,far,0.5087280493516189,0.6666666865348816,101101000000
cfar_s0_i2.0_pABABAB_ppc3,far,0.4863122344017029,0.5000000149011612,010000111010
cfar_s0_i2.0_pABABAB_ppc3,far,0.4803104617847846,0.3333333432674408,100111001100
cfar_s0_i2.0_pABABAB_ppc3,far,0.4728748271958186,0.3333333283662796,001101000100
cfar_s0_i2.0_pABABAB_ppc3,far,0.4698115768520018,0.1666666865348816,100111101100
cfar_s0_i2.0_pABABAB_ppc3,far,0.4622022757163415,0.0,101000100100
cfar_s0_i2.0_pABABAB_ppc3,far,0.6030911786625018,1.0,111111000000
cfar_s0_i2.0_pABABAB_ppc3,far,0.46315286027697417,0.0,101000100100
cfar_s0_i2.0_pABABAB_ppc3,far,0.5235769457541979,0.8333333283662796,111111000100
cfar_s0_i2.0_pABABAB_ppc3,far,0.47958241042036276,0.3333333283662796,001101000100
cfar_s0_i2.0_pABABABAB_ppc2,far,0.44869011878196535,1.0,000000111111
cfar_s0_i2.0_pABABABAB_ppc2,far,0.42320231933965635,0.8333333283662796,000100111111
cfar_s0_i2.0_pABABABAB_ppc2,far,0.3993234079299045,0.6666666865348816,000000111100
cfar_s0_i2.0_pABABABAB_ppc2,far,0.37355721195967034,0.666666641831398,000100101111
cfar_s0_i2.0_pABABABAB_ppc2,far,0.3639334904126309,0.5,011100111111
cfar_s0_i2.0_pABABABAB_ppc2,far,0.3388564136393111,0.3333333432674408,001100011110
cfar_s0_i2.0_pABABABAB_ppc2,far,0.331471987800765,0.3333333134651184,001011111110
cfar_s0_i2.0_pABABABAB_ppc2,far,0.45089905721874074,1.0,000000111111
cfar_s0_i2.0_pABABABAB_ppc2,far,0.42944325052968485,0.8333333283662796,000100111111
cfar_s0_i2.0_pABABABAB_ppc2,far,0.4068428052525068,0.6666666865348816,000000111100
cfar_s0_i2.0_pABABABAB_ppc2,far,0.38092569674060134,0.666666641831398,111101100000
cfar_s0_i2.0_pABABABAB_ppc2,far,0.36603834871042135,0.5,011100111111
cfar_s0_i2.0_pABABABAB_ppc2,far,0.3433020530782383,0.3333333432674408,001100011110
cfar_s0_i2.0_pABABABAB_ppc2,far,0.3362090532780336,0.3333333134651184,001011111110
cfar_s0_i2.0_pABABABAB_ppc2,far,0.4520699503542534,1.0,000000111111
cfar_s0_i2.0_pABABABAB_ppc2,far,0.4311029175135853,0.8333333283662796,000100111111
cfar_s0_i2.0_pABABABAB_ppc2,far,0.4103485027665337,0.6666666865348816,000000111100
cfar_s0_i2.0_pABABABAB_ppc2,far,0.3842836638454926,0.666666641831398,111101100000
cfar_s0_i2.0_pABABABAB_ppc2,far,0.36703423576044114,0.5,011100111111
cfar_s0_i2.0_pABABABAB_ppc2,far,0.33981469134671677,0.3333333134651184,001011111110
cfar_s0_i2.0_pABABABAB_ppc2,far,0.4525588369639269,1.0,000000111111
cfar_s0_i2.0_pABABABAB_ppc2,far,0.4326418449395689,0.8333333283662796,001000111111
cfar_s0_i2.0_pABABABAB_ppc2,far,0.41184459906071424,0.6666666865348816,000000111100
cfar_s0_i2.0_pABABABAB_ppc2,far,0.38620955903677207,0.666666641831398,000100101111
cfar_s0_i2.0_pABABABAB_ppc2,far,0.3682872905709042,0.5,011100111111
cfar_s0_i2.0_pABABABAB_ppc2,far,0.34018854433991785,0.3333333134651184,001011111110
cfar_s0_i2.0_pABABABAB_ppc2,far,0.45480683606503336,1.0,000000111111
cfar_s0_i2.0_pABABABAB_ppc2,far,0.43351303964275223,0.8333333283662796,000100111111
cfar_s0_i2.0_pABABABAB_ppc2,far,0.41504753065488204,0.6666666865348816,000000111100
cfar_s0_i2.0_pABABABAB_ppc2,far,0.38837858938997416,0.666666641831398,000100101111
cfar_s0_i2.0_pABABABAB_ppc2,far,0.3700374874832301,0.5,011100111111
cfar_s0_i2.0_pABABABAB_ppc2,far,0.34126157102431975,0.3333333134651184,001011111110
cfar_s0_i2.0_pABABABAB_ppc2,far,0.45654312302840167,1.0,000000111111
cfar_s0_i2.0_pABABABAB_ppc2,far,0.43389617242240186,0.8333333283662796,000100111111
cfar_s0_i2.0_pABABABAB_ppc2,far,0.415589668964646,0.6666666865348816,000000111100
cfar_s0_i2.0_pABABABAB_ppc2,far,0.39030228336823397,0.666666641831398,000100101111
cfar_s0_i2.0_pABABABAB_ppc2,far,0.3716831926641793,0.5,011100111111
cfar_s0_i2.0_pABABABAB_ppc2,far,0.34159488709450797,0.3333333134651184,001011111110
cfar_s0_i2.0_pABABABAB_ppc2,far,0.45670482010484253,1.0,000000111111
cfar_s0_i2.0_pABABABAB_ppc2,far,0.4343743576539745,0.8333333283662796,001000111111
cfar_s0_i2.0_pABABABAB_ppc2,far,0.4159139802454618,0.6666666865348816,000000111100
cfar_s0_i2.0_pABABABAB_ppc2,far,0.39068879450446575,0.666666641831398,000100101111
cfar_s0_i2.0_pABABABAB_ppc2,far,0.37230970444767897,0.5,011100111111
cfar_s0_i2.0_pABABABAB_ppc2,far,0.34167865106579043,0.3333333134651184,001011111110
cfar_s0_i2.0_pABABABAB_ppc3,far,0.5715481024021389,1.0,111111000000
cfar_s0_i2.0_pABABABAB_ppc3,far,0.5590444592566326,0.8333333283662796,000010111111
cfar_s0_i2.0_pABABABAB_ppc3,far,0.524579563788299,0.8333333134651184,000000111101
cfar_s0_i2.0_pABABABAB_ppc3,far,0.511627466428554,0.6666666865348816,000000101110
cfar_s0_i2.0_pABABABAB_ppc3,far,0.4589365677929473,0.666666641831398,111110000100
cfar_s0_i2.0_pABABABAB_ppc3,far,0.41585518284861384,0.5000000149011612,100111001000
cfar_s0_i2.0_pABABABAB_ppc3,far,0.4114286591909055,0.0,100110101001
cfar_s0_i2.0_pABABABAB_ppc3,far,0.602409142187272,1.0,000000111111
cfar_s0_i2.0_pABABABAB_ppc3,far,0.5701470533492922,0.8333333283662796,111111000100
cfar_s0_i2.0_pABABABAB_ppc3,far,0.5279474807367928,0.8333333134651184,000000111101
cfar_s0_i2.0_pABABABAB_ppc3,far,0.5119000952583791,0.6666666865348816,000000101110
cfar_s0_i2.0_pABABABAB_ppc3,far,0.46167400004021053,0.666666641831398,111110000100
cfar_s0_i2.0_pABABABAB_ppc3,far,0.42301932202074033,0.5000000149011612,100111001000
cfar_s0_i2.0_pABABABAB_ppc3,far,0.41185753555946997,0.0,100110101001
cfar_s0_i2.0_pABABABAB_ppc3,far,0.6127620771013457,1.0,000000111111
cfar_s0_i2.0_pABABABAB_ppc3,far,0.570371867296682,0.8333333283662796,111111000100
cfar_s0_i2.0_pABABABAB_ppc3,far,0.5293883785776708,0.8333333134651184,000000111101
cfar_s0_i2.0_pABABABAB_ppc3,far,0.5123580626329813,0.6666666865348816,000000101110
cfar_s0_i2.0_pABABABAB_ppc3,far,0.46586120758077193,0.666666641831398,111110000100
cfar_s0_i2.0_pABABABAB_ppc3,far,0.42333556827286195,0.5000000149011612,100111001000
cfar_s0_i2.0_pABABABAB_ppc3,far,0.41552666527615195,0.0,100110101001
cfar_s0_i2.0_pABABABAB_ppc3,far,0.6140588013262585,1.0,000000111111
cfar_s0_i2.0_pABABABAB_ppc3,far,0.5704982678095499,0.8333333283662796,000010111111
cfar_s0_i2.0_pABABABAB_ppc3,far,0.5335126878886387,0.8333333134651184,000000111101
cfar_s0_i2.0_pABABABAB_ppc3,far,0.5161333795551254,0.6666666865348816,000000101110
cfar_s0_i2.0_pABABABAB_ppc3,far,0.46960367399385605,0.666666641831398,111110000100
cfar_s0_i2.0_pABABABAB_ppc3,far,0.4262291073970411,0.5000000149011612,100111001000
cfar_s0_i2.0_pABABABAB_ppc3,far,0.4178037640435257,0.0,100110101001
cfar_s0_i2.0_pABABABAB_ppc3,far,0.6151151434443463,1.0,000000111111
cfar_s0_i2.0_pABABABAB_ppc3,far,0.5710269315489407,0.8333333283662796,000010111111
cfar_s0_i2.0_pABABABAB_ppc3,far,0.533549141438528,0.8333333134651184,000000111101
cfar_s0_i2.0_pABABABAB_ppc3,far,0.5185601536998119,0.6666666865348816,000000110101
cfar_s0_i2.0_pABABABAB_ppc3,far,0.4726004067851209,0.666666641831398,111110000100
cfar_s0_i2.0_pABABABAB_ppc3,far,0.43302930146455765,0.5000000149011612,100111001000
cfar_s0_i2.0_pABABABAB_ppc3,far,0.42165467937894424,0.0,100110101001
cfar_s0_i2.0_pABABABAB_ppc3,far,0.61784834680201,1.0,000000111111
cfar_s0_i2.0_pABABABAB_ppc3,far,0.5726943391150442,0.8333333283662796,000010111111
cfar_s0_i2.0_pABABABAB_ppc3,far,0.5352490483515564,0.8333333134651184,111110000000
cfar_s0_i2.0_pABABABAB_ppc3,far,0.5216233684071179,0.6666666865348816,000000110101
cfar_s0_i2.0_pABABABAB_ppc3,far,0.47953406922604846,0.666666641831398,111110000100
cfar_s0_i2.0_pABABABAB_ppc3,far,0.4355930020583087,0.5000000149011612,100111001000
cfar_s0_i2.0_pABABABAB_ppc3,far,0.4247049472198404,0.0,100110101001
cfar_s0_i2.0_pABABABAB_ppc3,far,0.6227706179194067,1.0,000000111111
cfar_s0_i2.0_pABABABAB_ppc3,far,0.42624168921176386,0.0,100110101001
cfar_s1_i0.001_pABABAB_ppc2,far,0.35729935353579506,1.0,111111000000
cfar_s1_i0.001_pABABAB_ppc2,far,0.27258441071237693,0.8333333283662796,111111000001
cfar_s1_i0.001_pABABAB_ppc2,far,0.266265936751469,0.8333333134651184,101111000000
cfar_s1_i0.001_pABABAB_ppc2,far,0.23269824200278064,0.6666666865348816,000000011110
cfar_s1_i0.001_pABABAB_ppc2,far,0.21663776438535107,0.666666641831398,101111100000
cfar_s1_i0.001_pABABAB_ppc2,far,0.360031183607961,1.0,111111000000
cfar_s1_i0.001_pABABAB_ppc2,far,0.2742860206000676,0.8333333283662796,111111000001
cfar_s1_i0.001_pABABAB_ppc2,far,0.26753605068237946,0.8333333134651184,101111000000
cfar_s1_i0.001_pABABAB_ppc2,far,0.23835211714983665,0.6666666865348816,000000011110
cfar_s1_i0.001_pABABAB_ppc2,far,0.2178064443657852,0.666666641831398,101111100000
cfar_s1_i0.001_pABABAB_ppc2,far,0.3615112515081736,1.0,111111000000
cfar_s1_i0.001_pABABAB_ppc2,far,0.2750156547673131,0.8333333283662796,111111000001
cfar_s1_i0.001_pABABAB_ppc2,far,0.26887029583370103,0.8333333134651184,101111000000
cfar_s1_i0.001_pABABAB_ppc2,far,0.2385774806977927,0.6666666865348816,000000011110
cfar_s1_i0.001_pABABAB_ppc2,far,0.21873355394663205,0.666666641831398,101111100000
cfar_s1_i0.001_pABABAB_ppc2,far,0.3615615314761685,1.0,111111000000
cfar_s1_i0.001_pABABAB_ppc2,far,0.2755590999837626,0.8333333283662796,111111000001
cfar_s1_i0.001_pABABAB_ppc2,far,0.2689769606149639,0.8333333134651184,101111000000
cfar_s1_i0.001_pABABAB_ppc2,far,0.23886006766803225,0.6666666865348816,000000011110
cfar_s1_i0.001_pABABAB_ppc2,far,0.21896997509677682,0.666666641831398,101111100000
cfar_s1_i0.001_pABABAB_ppc2,far,0.3617493651426313,1.0,111111000000
cfar_s1_i0.001_pABABAB_ppc2,far,0.275860890941906,0.8333333283662796,111111000001
cfar_s1_i0.001_pABABAB_ppc2,far,0.2700292383855082,0.8333333134651184,101111000000
cfar_s1_i0.001_pABABAB_ppc2,far,0.23897814482916147,0.6666666865348816,000000011110
cfar_s1_i0.001_pABABAB_ppc2,far,0.22155822021357546,0.666666641831398,101111100000
cfar_s1_i0.001_pABABAB_ppc2,far,0.36229329961563717,1.0,111111000000
cfar_s1_i0.001_pABABAB_ppc2,far,0.2772831154500388,0.8333333283662796,111111000001
cfar_s1_i0.001_pABABAB_ppc2,far,0.2700349785736762,0.8333333134651184,101111000000
cfar_s1_i0.001_pABABAB_ppc2,far,0.23944111410210925,0.6666666865348816,000000011110
cfar_s1_i0.001_pABABAB_ppc2,far,0.22236590855754912,0.666666641831398,101111100000
cfar_s1_i0.001_pABABAB_ppc2,far,0.36323537676468154,1.0,111111000000
cfar_s1_i0.001_pABABAB_ppc2,far,0.27811425291425124,0.8333333283662796,111111000001
cfar_s1_i0.001_pABABAB_ppc2,far,0.27016990295404947,0.8333333134651184,101111000000
cfar_s1_i0.001_pABABAB_ppc2,far,0.24000437655592,0.6666666865348816,000000011110
cfar_s1_i0.001_pABABAB_ppc2,far,0.36356148186182097,1.0,111111000000
cfar_s1_i0.001_pABABAB_ppc2,far,0.2782625845442949,0.8333333283662796,111111000001
cfar_s1_i0.001_pABABAB_ppc2,far,0.2714514148255231,0.8333333134651184,101111000000
cfar_s1_i0.001_pABABAB_ppc2,far,0.24014939854598857,0.6666666865348816,000000011110
cfar_s1_i0.001_pABABAB_ppc2,far,0.36366369867358694,1.0,111111000000
cfar_s1_i0.001_pABABAB_ppc2,far,0.27855256117816846,0.8333333283662796,111111000001
cfar_s1_i0.001_pABABAB_ppc2,far,0.2719634665462019,0.8333333134651184,101111000000
cfar_s1_i0.001_pABABAB_ppc2,far,0.24049308651592582,0.6666666865348816,000000011110
cfar_s1_i0.001_pABABAB_ppc2,far,0.36379703325854446,1.0,111111000000
cfar_s1_i0.001_pABABAB_ppc2,far,0.24084661720553413,0.6666666865348816,000000011110
cfar_s1_i0.001_pABABAB_ppc3,far,0.4885457524707398,1.0,000000111111
cfar_s1_i0.001_pABABAB_ppc3,far,0.44494173063251835,0.8333333283662796,100000111111
cfar_s1_i0.001_pABABAB_ppc3,far,0.3656717254063831,0.8333333134651184,110111000000
cfar_s1_i0.001_pABABAB_ppc3,far,0.36137393776757215,0.1666666865348816,111000110011
cfar_s1_i0.001_pABABAB_ppc3,far,0.3567855319258972,0.1666666567325592,000111100100
cfar_s1_i0.001_pABABAB_ppc3,far,0.3540270466178369,0.0,000111101100
cfar_s1_i0.001_pABABAB_ppc3,far,0.4946493300421235,1.0,000000111111
cfar_s1_i0.001_pABABAB_ppc3,far,0.4469508811043432,0.8333333283662796,100000111111
cfar_s1_i0.001_pABABAB_ppc3,far,0.3681030989982761,0.8333333134651184,110111000000
cfar_s1_i0.001_pABABAB_ppc3,far,0.36784669090993705,0.6666666865348816,000000100111
cfar_s1_i0.001_pABABAB_ppc3,far,0.35879557587636207,0.1666666567325592,000111100100
cfar_s1_i0.001_pABABAB_ppc3,far,0.35714666631717523,0.0,000111101100
cfar_s1_i0.001_pABABAB_ppc3,far,0.49576170340610237,1.0,000000111111
cfar_s1_i0.001_pABABAB_ppc3,far,0.4470317639840337,0.8333333283662796,100000111111
cfar_s1_i0.001_pABABAB_ppc3,far,0.3686735699956234,0.8333333134651184,110111000000
cfar_s1_i0.001_pABABAB_ppc3,far,0.36818421001975926,0.6666666865348816,000000100111
cfar_s1_i0.001_pABABAB_ppc3,far,0.3594720008353201,0.1666666567325592,000111100100
cfar_s1_i0.001_pABABAB_ppc3,far,0.3579793403032594,0.0,000111101100
cfar_s1_i0.001_pABABAB_ppc3,far,0.49622172839366474,1.0,000000111111
cfar_s1_i0.001_pABABAB_ppc3,far,0.4476251863516294,0.8333333283662796,100000111111
cfar_s1_i0.001_pABABAB_ppc3,far,0.3957954458355044,0.8333333134651184,000000011111
cfar_s1_i0.001_pABABAB_ppc3,far,0.36824192482476625,0.6666666865348816,000000100111
cfar_s1_i0.001_pABABAB_ppc3,far,0.35959420820984705,0.1666666567325592,000111100100
cfar_s1_i0.001_pABABAB_ppc3,far,0.49674765894619316,1.0,000000111111
cfar_s1_i0.001_pABABAB_ppc3,far,0.4477004054503945,0.8333333283662796,100000111111
cfar_s1_i0.001_pABABAB_ppc3,far,0.39699803326959504,0.8333333134651184,000000011111
cfar_s1_i0.001_pABABAB_ppc3,far,0.36888172586914153,0.6666666865348816,000000100111
cfar_s1_i0.001_pABABAB_ppc3,far,0.36859582972068056,0.1666666865348816,111000110011
cfar_s1_i0.001_pABABAB_ppc3,far,0.3628944208487295,0.1666666567325592,000111100100
cfar_s1_i0.001_pABABAB_ppc3,far,0.36067332378230416,0.0,000111101100
cfar_s1_i0.001_pABABAB_ppc3,far,0.4991280641431401,1.0,000000111111
cfar_s1_i0.001_pABABAB_ppc3,far,0.44789236874247973,0.8333333283662796,100000111111
cfar_s1_i0.001_pABABAB_ppc3,far,0.3975125549128279,0.8333333134651184,000000011111
cfar_s1_i0.001_pABABAB_ppc3,far,0.3712894165673508,0.6666666865348816,000000100111
cfar_s1_i0.001_pABABAB_ppc3,far,0.36987786492189534,0.4999999701976776,100001111101
cfar_s1_i0.001_pABABAB_ppc3,far,0.36360279731452466,0.1666666567325592,000111100100
cfar_s1_i0.001_pABABAB_ppc3,far,0.3613356250051696,0.0,000111101100
cfar_s1_i0.001_pABABAB_ppc3,far,0.49963165710035423,1.0,000000111111
cfar_s1_i0.001_pABABAB_ppc3,far,0.45004162585649354,0.8333333283662796,100000111111
cfar_s1_i0.001_pABABAB_ppc3,far,0.4000694930544481,0.8333333134651184,000000111101
cfar_s1_i0.001_pABABAB_ppc3,far,0.37252420851817497,0.6666666865348816,000000100111
cfar_s1_i0.001_pABABAB_ppc3,far,0.37023226686108573,0.4999999701976776,100001111101
cfar_s1_i0.001_pABABAB_ppc3,far,0.3614802692085505,0.0,000111101100
cfar_s1_i0.001_pABABAB_ppc3,far,0.5035255903163208,1.0,000000111111
cfar_s1_i0.001_pABABABAB_ppc2,far,0.3568736852692633,1.0,000000111111
cfar_s1_i0.001_pABABABAB_ppc2,far,0.34094163929593974,0.8333333283662796,001000111111
cfar_s1_i0.001_pABABABAB_ppc2,far,0.2650352647359451,0.8333333134651184,000000111101
cfar_s1_i0.001_pABABABAB_ppc2,far,0.35874858540322246,1.0,000000111111
cfar_s1_i0.001_pABABABAB_ppc2,far,0.34119496380524905,0.8333333283662796,001000111111
cfar_s1_i0.001_pABABABAB_ppc2,far,0.2662720388114645,0.8333333134651184,000000111101
cfar_s1_i0.001_pABABABAB_ppc2,far,0.35906484657256255,1.0,000000111111
cfar_s1_i0.001_pABABABAB_ppc2,far,0.34147975266236685,0.8333333283662796,001000111111
cfar_s1_i0.001_pABABABAB_ppc2,far,0.2665074499934141,0.8333333134651184,000000111101
cfar_s1_i0.001_pABABABAB_ppc2,far,0.3594876184642058,1.0,000000111111
cfar_s1_i0.001_pABABABAB_ppc2,far,0.34209422556009017,0.8333333283662796,001000111111
cfar_s1_i0.001_pABABABAB_ppc2,far,0.2666371646256925,0.8333333134651184,000000111101
cfar_s1_i0.001_pABABABAB_ppc2,far,0.36040279233892414,1.0,000000111111
cfar_s1_i0.001_pABABABAB_ppc2,far,0.3443734744916959,0.8333333283662796,001000111111
cfar_s1_i0.001_pABABABAB_ppc2,far,0.26665894975447935,0.8333333134651184,000000111101
cfar_s1_i0.001_pABABABAB_ppc2,far,0.36086093905735117,1.0,000000111111
cfar_s1_i0.001_pABABABAB_ppc2,far,0.3445727645162621,0.8333333283662796,001000111111
cfar_s1_i0.001_pABABABAB_ppc2,far,0.2669653972080941,0.8333333134651184,000000111101
cfar_s1_i0.001_pABABABAB_ppc2,far,0.36139683589210797,1.0,000000111111
cfar_s1_i0.001_pABABABAB_ppc2,far,0.2669909127610575,0.8333333134651184,000000111101
cfar_s1_i0.001_pABABABAB_ppc2,far,0.3614253518011036,1.0,000000111111
cfar_s1_i0.001_pABABABAB_ppc2,far,0.26722808719757174,0.8333333134651184,000000111101
cfar_s1_i0.001_pABABABAB_ppc2,far,0.3614482007406909,1.0,000000111111
cfar_s1_i0.001_pABABABAB_ppc2,far,0.2672485290536785,0.8333333134651184,000000111101
cfar_s1_i0.001_pABABABAB_ppc2,far,0.36163548105556903,1.0,000000111111
cfar_s1_i0.001_pABABABAB_ppc2,far,0.2684028905250357,0.8333333134651184,000000111101
cfar_s1_i0.001_pABABABAB_ppc2,far,0.2680655513601056,0.0,100111110101
cfar_s1_i0.001_pABABABAB_ppc2,far,0.36210787567663294,1.0,000000111111
cfar_s1_i0.001_pABABABAB_ppc2,far,0.26857570420292304,0.8333333134651184,000000111101
cfar_s1_i0.001_pABABABAB_ppc2,far,0.3621328265309848,1.0,000000111111
cfar_s1_i0.001_pABABABAB_ppc2,far,0.2686017429785289,0.8333333134651184,000000111101
cfar_s1_i0.001_pABABABAB_ppc2,far,0.362145465461473,1.0,000000111111
cfar_s1_i0.001_pABABABAB_ppc2,far,0.26892050117222144,0.8333333134651184,000000111101
cfar_s1_i0.001_pABABABAB_ppc2,far,0.3622047587073055,1.0,000000111111
cfar_s1_i0.001_pABABABAB_ppc2,far,0.26904280260526414,0.8333333134651184,000000111101
cfar_s1_i0.001_pABABABAB_ppc2,far,0.362242112915706,1.0,000000111111
cfar_s1_i0.001_pABABABAB_ppc2,far,0.26904772857107734,0.8333333134651184,000000111101
cfar_s1_i0.001_pABABABAB_ppc2,far,0.36228895818429263,1.0,000000111111
cfar_s1_i0.001_pABABABAB_ppc2,far,0.26906507450621575,0.8333333134651184,000000111101
cfar_s1_i0.001_pABABABAB_ppc2,far,0.36245165763679765,1.0,000000111111
cfar_s1_i0.001_pABABABAB_ppc2,far,0.2693061777129609,0.8333333134651184,000000111101
cfar_s1_i0.001_pABABABAB_ppc2,far,0.36260106111073803,1.0,000000111111
cfar_s1_i0.001_pABABABAB_ppc2,far,0.26947568181966397,0.8333333134651184,000000111101
cfar_s1_i0.001_pABABABAB_ppc2,far,0.3626949138907266,1.0,000000111111
cfar_s1_i0.001_pABABABAB_ppc3,far,0.5019312604362595,1.0,111111000000
cfar_s1_i0.001_pABABABAB_ppc3,far,0.4621294806443754,0.8333333283662796,111111010000
cfar_s1_i0.001_pABABABAB_ppc3,far,0.4375307883681922,0.8333333134651184,110111000000
cfar_s1_i0.001_pABABABAB_ppc3,far,0.4114530580492968,0.6666666865348816,101110000000
cfar_s1_i0.001_pABABABAB_ppc3,far,0.4032108658475095,0.666666641831398,110111010000
cfar_s1_i0.001_pABABABAB_ppc3,far,0.3932625364469386,0.5000000149011612,110101010000
cfar_s1_i0.001_pABABABAB_ppc3,far,0.38582643185710086,0.1666666567325592,000011010110
cfar_s1_i0.001_pABABABAB_ppc3,far,0.5030582564315577,1.0,111111000000
cfar_s1_i0.001_pABABABAB_ppc3,far,0.4647149923150481,0.8333333283662796,111111010000
cfar_s1_i0.001_pABABABAB_ppc3,far,0.43867031809734713,0.8333333134651184,110111000000
cfar_s1_i0.001_pABABABAB_ppc3,far,0.41328501363081493,0.6666666865348816,101110000000
cfar_s1_i0.001_pABABABAB_ppc3,far,0.404617584160604,0.666666641831398,110111010000
cfar_s1_i0.001_pABABABAB_ppc3,far,0.4022787468315199,0.1666666716337204,000010001001
cfar_s1_i0.001_pABABABAB_ppc3,far,0.3875206567389869,0.1666666567325592,000011010110
cfar_s1_i0.001_pABABABAB_ppc3,far,0.5034322550884266,1.0,111111000000
cfar_s1_i0.001_pABABABAB_ppc3,far,0.4651656111638094,0.8333333283662796,111111010000
cfar_s1_i0.001_pABABABAB_ppc3,far,0.43911559838566117,0.8333333134651184,110111000000
cfar_s1_i0.001_pABABABAB_ppc3,far,0.4133231557862855,0.6666666865348816,101110000000
cfar_s1_i0.001_pABABABAB_ppc3,far,0.40473312685458823,0.666666641831398,110111010000
cfar_s1_i0.001_pABABABAB_ppc3,far,0.4039218390638801,0.1666666716337204,000010001001
cfar_s1_i0.001_pABABABAB_ppc3,far,0.3889959256068386,0.1666666567325592,000011010110
cfar_s1_i0.001_pABABABAB_ppc3,far,0.504060278036471,1.0,111111000000
cfar_s1_i0.001_pABABABAB_ppc3,far,0.46519713462383927,0.8333333283662796,111111010000
cfar_s1_i0.001_pABABABAB_ppc3,far,0.43954991928205406,0.8333333134651184,110111000000
cfar_s1_i0.001_pABABABAB_ppc3,far,0.41338165633209134,0.6666666865348816,101110000000
cfar_s1_i0.001_pABABABAB_ppc3,far,0.4049685498613907,0.666666641831398,110111010000
cfar_s1_i0.001_pABABABAB_ppc3,far,0.5054032762331524,1.0,111111000000
cfar_s1_i0.001_pABABABAB_ppc3,far,0.46532913536133097,0.8333333283662796,111111010000
cfar_s1_i0.001_pABABABAB_ppc3,far,0.4406984653859132,0.8333333134651184,110111000000
cfar_s1_i0.001_pABABABAB_ppc3,far,0.41474398732956114,0.6666666865348816,101110000000
cfar_s1_i0.001_pABABABAB_ppc3,far,0.40549804246716803,0.666666641831398,110111010000
cfar_s1_i0.001_pABABABAB_ppc3,far,0.5058571366571832,1.0,111111000000
cfar_s1_i0.001_pABABABAB_ppc3,far,0.46574507889220085,0.8333333283662796,111111010000
cfar_s1_i0.001_pABABABAB_ppc3,far,0.44076222784538893,0.8333333134651184,110111000000
cfar_s1_i0.001_pABABABAB_ppc3,far,0.4150280078509073,0.6666666865348816,101110000000
cfar_s1_i0.001_pABABABAB_ppc3,far,0.4056085790668068,0.666666641831398,110111010000
cfar_s1_i0.001_pABABABAB_ppc3,far,0.5060495009281855,1.0,111111000000
cfar_s1_i0.001_pABABABAB_ppc3,far,0.4660616192335113,0.8333333283662796,111111010000
cfar_s1_i0.001_pABABABAB_ppc3,far,0.4411735508119923,0.8333333134651184,110111000000
cfar_s1_i0.001_pABABABAB_ppc3,far,0.4150617005539009,0.6666666865348816,101110000000
cfar_s1_i0.001_pABABABAB_ppc3,far,0.40633453749890985,0.666666641831398,110111010000
cfar_s1_i0.001_pABABABAB_ppc3,far,0.5067630354957334,1.0,111111000000
cfar_s1_i0.001_pABABABAB_ppc3,far,0.40643992250378447,0.666666641831398,110111010000
cfar_s1_i0.001_pABABABAB_ppc3,far,0.46640736298186,0.8333333283662796,111111010000
cfar_s1_i2.0_pABABAB_ppc2,far,0.3407208141523535,1.0,000000111111
cfar_s1_i2.0_pABABAB_ppc2,far,0.23597699297798416,0.8333333283662796,000001111111
cfar_s1_i2.0_pABABAB_ppc2,far,0.22286056163614953,0.1666666716337204,000001001010
cfar_s1_i2.0_pABABAB_ppc2,far,0.22151362047192047,0.1666666567325592,000110110001
cfar_s1_i2.0_pABABAB_ppc2,far,0.34885548506016756,1.0,000000111111
cfar_s1_i2.0_pABABAB_ppc2,far,0.23877226989001923,0.8333333283662796,000001111111
cfar_s1_i2.0_pABABAB_ppc2,far,0.22629925965289163,0.1666666716337204,000001001010
cfar_s1_i2.0_pABABAB_ppc2,far,0.22436064746844667,0.1666666567325592,000110110001
cfar_s1_i2.0_pABABAB_ppc2,far,0.34898433449085464,1.0,000000111111
cfar_s1_i2.0_pABABAB_ppc2,far,0.24040177893634376,0.8333333283662796,000001111111
cfar_s1_i2.0_pABABAB_ppc2,far,0.2263743758455596,0.1666666716337204,000001001010
cfar_s1_i2.0_pABABAB_ppc2,far,0.3507531924829395,1.0,000000111111
cfar_s1_i2.0_pABABAB_ppc2,far,0.2408209342737047,0.8333333283662796,000001111111
cfar_s1_i2.0_pABABAB_ppc2,far,0.24055766411633653,0.3333333134651184,001110101111
cfar_s1_i2.0_pABABAB_ppc2,far,0.22652418310727543,0.1666666716337204,000001001010
cfar_s1_i2.0_pABABAB_ppc2,far,0.3517374135659669,1.0,000000111111
cfar_s1_i2.0_pABABAB_ppc2,far,0.24251954100592146,0.8333333283662796,000001111111
cfar_s1_i2.0_pABABAB_ppc2,far,0.22652983347969977,0.1666666716337204,000001001010
cfar_s1_i2.0_pABABAB_ppc2,far,0.35220887610392476,1.0,000000111111
cfar_s1_i2.0_pABABAB_ppc2,far,0.24260215569732033,0.8333333283662796,000001111111
cfar_s1_i2.0_pABABAB_ppc2,far,0.22692657556300136,0.1666666716337204,000001001010
cfar_s1_i2.0_pABABAB_ppc2,far,0.35816214859633794,1.0,000000111111
cfar_s1_i2.0_pABABAB_ppc2,far,0.2427074885305377,0.8333333283662796,000001111111
cfar_s1_i2.0_pABABAB_ppc2,far,0.22823533723236655,0.1666666716337204,000001001010
cfar_s1_i2.0_pABABAB_ppc2,far,0.3583975965474648,1.0,000000111111
cfar_s1_i2.0_pABABAB_ppc2,far,0.24283928488677536,0.8333333283662796,000001111111
cfar_s1_i2.0_pABABAB_ppc2,far,0.22932476956074507,0.1666666716337204,000001001010
cfar_s1_i2.0_pABABAB_ppc2,far,0.35898198589513247,1.0,000000111111
cfar_s1_i2.0_pABABAB_ppc2,far,0.24304812475351023,0.8333333283662796,000001111111
cfar_s1_i2.0_pABABAB_ppc2,far,0.22984118618610824,0.1666666716337204,000001001010
cfar_s1_i2.0_pABABAB_ppc2,far,0.3598254184894772,1.0,000000111111
cfar_s1_i2.0_pABABAB_ppc2,far,0.2437208468419902,0.8333333283662796,000001111111
cfar_s1_i2.0_pABABAB_ppc2,far,0.23067668261302804,0.1666666716337204,000001001010
cfar_s1_i2.0_pABABAB_ppc2,far,0.3604761940395375,1.0,000000111111
cfar_s1_i2.0_pABABAB_ppc2,far,0.24416264658529227,0.8333333283662796,000001111111
cfar_s1_i2.0_pABABAB_ppc2,far,0.23107789441498675,0.1666666716337204,000001001010
cfar_s1_i2.0_pABABAB_ppc2,far,0.23088800347547725,0.1666666567325592,000110110001
cfar_s1_i2.0_pABABAB_ppc2,far,0.3633465321062514,1.0,000000111111
cfar_s1_i2.0_pABABAB_ppc2,far,0.24472895339104897,0.8333333283662796,000001111111
cfar_s1_i2.0_pABABAB_ppc2,far,0.23111398599047045,0.1666666716337204,000001001010
cfar_s1_i2.0_pABABAB_ppc2,far,0.3633834217339013,1.0,000000111111
cfar_s1_i2.0_pABABAB_ppc2,far,0.24476258143973115,0.8333333283662796,000001111111
cfar_s1_i2.0_pABABAB_ppc2,far,0.23119009678802369,0.1666666716337204,000001001010
cfar_s1_i2.0_pABABAB_ppc2,far,0.36468845792114735,1.0,000000111111
